IB Offset,Index,Index + Base,0 - POSITION0 (R16G16B16A16_FLOAT) : Component 0,0 - POSITION0 (R16G16B16A16_FLOAT) : Component 1,0 - POSITION0 (R16G16B16A16_FLOAT) : Component 2,0 - POSITION0 (R16G16B16A16_FLOAT) : Component 3,1 - NORMAL0 (R16G16B16A16_FLOAT) : Component 0,1 - NORMAL0 (R16G16B16A16_FLOAT) : Component 1,1 - NORMAL0 (R16G16B16A16_FLOAT) : Component 2,1 - NORMAL0 (R16G16B16A16_FLOAT) : Component 3,2 - BINORMAL0 (R8G8B8A8_UNORM) : Component 0,2 - BINORMAL0 (R8G8B8A8_UNORM) : Component 1,2 - BINORMAL0 (R8G8B8A8_UNORM) : Component 2,2 - BINORMAL0 (R8G8B8A8_UNORM) : Component 3,3 - TEXCOORD0 (R16G16_FLOAT) : Component 0,3 - TEXCOORD0 (R16G16_FLOAT) : Component 1,4 - COLOR0 (R32G32B32A32_FLOAT) : Component 0,4 - COLOR0 (R32G32B32A32_FLOAT) : Component 1,4 - COLOR0 (R32G32B32A32_FLOAT) : Component 2,4 - COLOR0 (R32G32B32A32_FLOAT) : Component 3,5 - COLOR1 (R32G32B32A32_FLOAT) : Component 0,5 - COLOR1 (R32G32B32A32_FLOAT) : Component 1,5 - COLOR1 (R32G32B32A32_FLOAT) : Component 2,5 - COLOR1 (R32G32B32A32_FLOAT) : Component 3,6 - TEXCOORD4 (R32G32B32A32_FLOAT) : Component 0,6 - TEXCOORD4 (R32G32B32A32_FLOAT) : Component 1,6 - TEXCOORD4 (R32G32B32A32_FLOAT) : Component 2,6 - TEXCOORD4 (R32G32B32A32_FLOAT) : Component 3,7 - TEXCOORD5 (R32G32B32A32_FLOAT) : Component 0,7 - TEXCOORD5 (R32G32B32A32_FLOAT) : Component 1,7 - TEXCOORD5 (R32G32B32A32_FLOAT) : Component 2,7 - TEXCOORD5 (R32G32B32A32_FLOAT) : Component 3,8 - TANGENT0 (R32G32B32A32_FLOAT) : Component 0,8 - TANGENT0 (R32G32B32A32_FLOAT) : Component 1,8 - TANGENT0 (R32G32B32A32_FLOAT) : Component 2,8 - TANGENT0 (R32G32B32A32_FLOAT) : Component 3
0,0,0,-4.0000,-0.0004,-8.0000,1.0000,0.0000,1.0000,0.0000,0.0000,127,127,0,255,-0.5000,-1.0000,-0.0000,0.0079,-0.0000,0.0079,-0.0000,0.0079,-0.0000,0.0079,-0.0000,0.0079,-0.0000,0.0079,-0.0000,0.0079,-0.0000,0.0079,-0.0000,0.0079,-0.0000,0.0079
1,1,1,-6.0000,-0.0004,-8.0000,1.0000,0.0000,1.0000,0.0000,0.0000,127,127,0,255,-1.0000,-1.0000,-0.0000,0.0079,-0.0000,0.0079,-0.0000,0.0079,-0.0000,0.0079,-0.0000,0.0079,-0.0000,0.0079,-0.0000,0.0079,-0.0000,0.0079,-0.0000,0.0079,-0.0000,0.0079
2,2,2,-6.0000,-0.0004,-6.0000,1.0000,0.0000,1.0000,0.0000,0.0000,127,127,0,255,-1.0000,-0.5000,-0.0000,0.0079,-0.0000,0.0079,-0.0000,0.0079,-0.0000,0.0079,-0.0000,0.0079,-0.0000,0.0079,-0.0000,0.0079,-0.0000,0.0079,-0.0000,0.0079,-0.0000,0.0079
3,3,3,-4.0000,-0.0004,-6.0000,1.0000,0.0000,1.0000,0.0000,0.0000,127,127,0,255,-0.5000,-0.5000,-0.0000,0.0079,-0.0000,0.0079,-0.0000,0.0079,-0.0000,0.0079,-0.0000,0.0079,-0.0000,0.0079,-0.0000,0.0079,-0.0000,0.0079,-0.0000,0.0079,-0.0000,0.0079
4,0,0,-4.0000,-0.0004,-8.0000,1.0000,0.0000,1.0000,0.0000,0.0000,127,127,0,255,-0.5000,-1.0000,-0.0000,0.0079,-0.0000,0.0079,-0.0000,0.0079,-0.0000,0.0079,-0.0000,0.0079,-0.0000,0.0079,-0.0000,0.0079,-0.0000,0.0079,-0.0000,0.0079,-0.0000,0.0079
5,2,2,-6.0000,-0.0004,-6.0000,1.0000,0.0000,1.0000,0.0000,0.0000,127,127,0,255,-1.0000,-0.5000,-0.0000,0.0079,-0.0000,0.0079,-0.0000,0.0079,-0.0000,0.0079,-0.0000,0.0079,-0.0000,0.0079,-0.0000,0.0079,-0.0000,0.0079,-0.0000,0.0079,-0.0000,0.0079
6,4,4,-2.0000,-0.0004,-8.0000,1.0000,0.0000,1.0000,0.0000,0.0000,127,127,0,255,0.0000,-1.0000,-0.0000,0.0079,-0.0000,0.0079,-0.0000,0.0079,-0.0000,0.0079,-0.0000,0.0079,-0.0000,0.0079,-0.0000,0.0079,-0.0000,0.0079,-0.0000,0.0079,-0.0000,0.0079
7,0,0,-4.0000,-0.0004,-8.0000,1.0000,0.0000,1.0000,0.0000,0.0000,127,127,0,255,-0.5000,-1.0000,-0.0000,0.0079,-0.0000,0.0079,-0.0000,0.0079,-0.0000,0.0079,-0.0000,0.0079,-0.0000,0.0079,-0.0000,0.0079,-0.0000,0.0079,-0.0000,0.0079,-0.0000,0.0079
8,3,3,-4.0000,-0.0004,-6.0000,1.0000,0.0000,1.0000,0.0000,0.0000,127,127,0,255,-0.5000,-0.5000,-0.0000,0.0079,-0.0000,0.0079,-0.0000,0.0079,-0.0000,0.0079,-0.0000,0.0079,-0.0000,0.0079,-0.0000,0.0079,-0.0000,0.0079,-0.0000,0.0079,-0.0000,0.0079
9,5,5,-2.0000,-0.0004,-6.0000,1.0000,0.0000,1.0000,0.0000,0.0000,127,127,0,255,0.0000,-0.5000,-0.0000,0.0079,-0.0000,0.0079,-0.0000,0.0079,-0.0000,0.0079,-0.0000,0.0079,-0.0000,0.0079,-0.0000,0.0079,-0.0000,0.0079,-0.0000,0.0079,-0.0000,0.0079
10,4,4,-2.0000,-0.0004,-8.0000,1.0000,0.0000,1.0000,0.0000,0.0000,127,127,0,255,0.0000,-1.0000,-0.0000,0.0079,-0.0000,0.0079,-0.0000,0.0079,-0.0000,0.0079,-0.0000,0.0079,-0.0000,0.0079,-0.0000,0.0079,-0.0000,0.0079,-0.0000,0.0079,-0.0000,0.0079
11,3,3,-4.0000,-0.0004,-6.0000,1.0000,0.0000,1.0000,0.0000,0.0000,127,127,0,255,-0.5000,-0.5000,-0.0000,0.0079,-0.0000,0.0079,-0.0000,0.0079,-0.0000,0.0079,-0.0000,0.0079,-0.0000,0.0079,-0.0000,0.0079,-0.0000,0.0079,-0.0000,0.0079,-0.0000,0.0079
12,6,6,-0.0001,-0.0004,-8.0000,1.0000,0.0000,1.0000,0.0000,0.0000,127,127,0,255,0.5000,-1.0000,-0.0000,0.0079,-0.0000,0.0079,-0.0000,0.0079,-0.0000,0.0079,-0.0000,0.0079,-0.0000,0.0079,-0.0000,0.0079,-0.0000,0.0079,-0.0000,0.0079,-0.0000,0.0079
13,4,4,-2.0000,-0.0004,-8.0000,1.0000,0.0000,1.0000,0.0000,0.0000,127,127,0,255,0.0000,-1.0000,-0.0000,0.0079,-0.0000,0.0079,-0.0000,0.0079,-0.0000,0.0079,-0.0000,0.0079,-0.0000,0.0079,-0.0000,0.0079,-0.0000,0.0079,-0.0000,0.0079,-0.0000,0.0079
14,5,5,-2.0000,-0.0004,-6.0000,1.0000,0.0000,1.0000,0.0000,0.0000,127,127,0,255,0.0000,-0.5000,-0.0000,0.0079,-0.0000,0.0079,-0.0000,0.0079,-0.0000,0.0079,-0.0000,0.0079,-0.0000,0.0079,-0.0000,0.0079,-0.0000,0.0079,-0.0000,0.0079,-0.0000,0.0079
15,7,7,-0.0001,-0.0004,-6.0000,1.0000,0.0000,1.0000,0.0000,0.0000,127,127,0,255,0.5000,-0.5000,-0.0000,0.0079,-0.0000,0.0079,-0.0000,0.0079,-0.0000,0.0079,-0.0000,0.0079,-0.0000,0.0079,-0.0000,0.0079,-0.0000,0.0079,-0.0000,0.0079,-0.0000,0.0079
16,6,6,-0.0001,-0.0004,-8.0000,1.0000,0.0000,1.0000,0.0000,0.0000,127,127,0,255,0.5000,-1.0000,-0.0000,0.0079,-0.0000,0.0079,-0.0000,0.0079,-0.0000,0.0079,-0.0000,0.0079,-0.0000,0.0079,-0.0000,0.0079,-0.0000,0.0079,-0.0000,0.0079,-0.0000,0.0079
17,5,5,-2.0000,-0.0004,-6.0000,1.0000,0.0000,1.0000,0.0000,0.0000,127,127,0,255,0.0000,-0.5000,-0.0000,0.0079,-0.0000,0.0079,-0.0000,0.0079,-0.0000,0.0079,-0.0000,0.0079,-0.0000,0.0079,-0.0000,0.0079,-0.0000,0.0079,-0.0000,0.0079,-0.0000,0.0079
18,8,8,2.0000,-0.0004,-8.0000,1.0000,0.0000,1.0000,0.0000,0.0000,127,127,0,255,1.0000,-1.0000,-0.0000,0.0079,-0.0000,0.0079,-0.0000,0.0079,-0.0000,0.0079,-0.0000,0.0079,-0.0000,0.0079,-0.0000,0.0079,-0.0000,0.0079,-0.0000,0.0079,-0.0000,0.0079
19,6,6,-0.0001,-0.0004,-8.0000,1.0000,0.0000,1.0000,0.0000,0.0000,127,127,0,255,0.5000,-1.0000,-0.0000,0.0079,-0.0000,0.0079,-0.0000,0.0079,-0.0000,0.0079,-0.0000,0.0079,-0.0000,0.0079,-0.0000,0.0079,-0.0000,0.0079,-0.0000,0.0079,-0.0000,0.0079
20,7,7,-0.0001,-0.0004,-6.0000,1.0000,0.0000,1.0000,0.0000,0.0000,127,127,0,255,0.5000,-0.5000,-0.0000,0.0079,-0.0000,0.0079,-0.0000,0.0079,-0.0000,0.0079,-0.0000,0.0079,-0.0000,0.0079,-0.0000,0.0079,-0.0000,0.0079,-0.0000,0.0079,-0.0000,0.0079
21,3,3,-4.0000,-0.0004,-6.0000,1.0000,0.0000,1.0000,0.0000,0.0000,127,127,0,255,-0.5000,-0.5000,-0.0000,0.0079,-0.0000,0.0079,-0.0000,0.0079,-0.0000,0.0079,-0.0000,0.0079,-0.0000,0.0079,-0.0000,0.0079,-0.0000,0.0079,-0.0000,0.0079,-0.0000,0.0079
22,2,2,-6.0000,-0.0004,-6.0000,1.0000,0.0000,1.0000,0.0000,0.0000,127,127,0,255,-1.0000,-0.5000,-0.0000,0.0079,-0.0000,0.0079,-0.0000,0.0079,-0.0000,0.0079,-0.0000,0.0079,-0.0000,0.0079,-0.0000,0.0079,-0.0000,0.0079,-0.0000,0.0079,-0.0000,0.0079
23,9,9,-6.0000,-0.0004,-4.0000,1.0000,0.0000,1.0000,0.0000,0.0000,127,127,0,255,-1.0000,0.0000,-0.0000,0.0079,-0.0000,0.0079,-0.0000,0.0079,-0.0000,0.0079,-0.0000,0.0079,-0.0000,0.0079,-0.0000,0.0079,-0.0000,0.0079,-0.0000,0.0079,-0.0000,0.0079
24,10,10,-4.0000,-0.0004,-4.0000,1.0000,0.0000,1.0000,0.0000,0.0000,127,127,0,255,-0.5000,0.0000,-0.0000,0.0079,-0.0000,0.0079,-0.0000,0.0079,-0.0000,0.0079,-0.0000,0.0079,-0.0000,0.0079,-0.0000,0.0079,-0.0000,0.0079,-0.0000,0.0079,-0.0000,0.0079
25,3,3,-4.0000,-0.0004,-6.0000,1.0000,0.0000,1.0000,0.0000,0.0000,127,127,0,255,-0.5000,-0.5000,-0.0000,0.0079,-0.0000,0.0079,-0.0000,0.0079,-0.0000,0.0079,-0.0000,0.0079,-0.0000,0.0079,-0.0000,0.0079,-0.0000,0.0079,-0.0000,0.0079,-0.0000,0.0079
26,9,9,-6.0000,-0.0004,-4.0000,1.0000,0.0000,1.0000,0.0000,0.0000,127,127,0,255,-1.0000,0.0000,-0.0000,0.0079,-0.0000,0.0079,-0.0000,0.0079,-0.0000,0.0079,-0.0000,0.0079,-0.0000,0.0079,-0.0000,0.0079,-0.0000,0.0079,-0.0000,0.0079,-0.0000,0.0079
27,5,5,-2.0000,-0.0004,-6.0000,1.0000,0.0000,1.0000,0.0000,0.0000,127,127,0,255,0.0000,-0.5000,-0.0000,0.0079,-0.0000,0.0079,-0.0000,0.0079,-0.0000,0.0079,-0.0000,0.0079,-0.0000,0.0079,-0.0000,0.0079,-0.0000,0.0079,-0.0000,0.0079,-0.0000,0.0079
28,3,3,-4.0000,-0.0004,-6.0000,1.0000,0.0000,1.0000,0.0000,0.0000,127,127,0,255,-0.5000,-0.5000,-0.0000,0.0079,-0.0000,0.0079,-0.0000,0.0079,-0.0000,0.0079,-0.0000,0.0079,-0.0000,0.0079,-0.0000,0.0079,-0.0000,0.0079,-0.0000,0.0079,-0.0000,0.0079
29,10,10,-4.0000,-0.0004,-4.0000,1.0000,0.0000,1.0000,0.0000,0.0000,127,127,0,255,-0.5000,0.0000,-0.0000,0.0079,-0.0000,0.0079,-0.0000,0.0079,-0.0000,0.0079,-0.0000,0.0079,-0.0000,0.0079,-0.0000,0.0079,-0.0000,0.0079,-0.0000,0.0079,-0.0000,0.0079
30,11,11,-2.0000,-0.0004,-4.0000,1.0000,0.0000,1.0000,0.0000,0.0000,127,127,0,255,0.0000,0.0000,-0.0000,0.0079,-0.0000,0.0079,-0.0000,0.0079,-0.0000,0.0079,-0.0000,0.0079,-0.0000,0.0079,-0.0000,0.0079,-0.0000,0.0079,-0.0000,0.0079,-0.0000,0.0079
31,5,5,-2.0000,-0.0004,-6.0000,1.0000,0.0000,1.0000,0.0000,0.0000,127,127,0,255,0.0000,-0.5000,-0.0000,0.0079,-0.0000,0.0079,-0.0000,0.0079,-0.0000,0.0079,-0.0000,0.0079,-0.0000,0.0079,-0.0000,0.0079,-0.0000,0.0079,-0.0000,0.0079,-0.0000,0.0079
32,10,10,-4.0000,-0.0004,-4.0000,1.0000,0.0000,1.0000,0.0000,0.0000,127,127,0,255,-0.5000,0.0000,-0.0000,0.0079,-0.0000,0.0079,-0.0000,0.0079,-0.0000,0.0079,-0.0000,0.0079,-0.0000,0.0079,-0.0000,0.0079,-0.0000,0.0079,-0.0000,0.0079,-0.0000,0.0079
33,7,7,-0.0001,-0.0004,-6.0000,1.0000,0.0000,1.0000,0.0000,0.0000,127,127,0,255,0.5000,-0.5000,-0.0000,0.0079,-0.0000,0.0079,-0.0000,0.0079,-0.0000,0.0079,-0.0000,0.0079,-0.0000,0.0079,-0.0000,0.0079,-0.0000,0.0079,-0.0000,0.0079,-0.0000,0.0079
34,5,5,-2.0000,-0.0004,-6.0000,1.0000,0.0000,1.0000,0.0000,0.0000,127,127,0,255,0.0000,-0.5000,-0.0000,0.0079,-0.0000,0.0079,-0.0000,0.0079,-0.0000,0.0079,-0.0000,0.0079,-0.0000,0.0079,-0.0000,0.0079,-0.0000,0.0079,-0.0000,0.0079,-0.0000,0.0079
35,11,11,-2.0000,-0.0004,-4.0000,1.0000,0.0000,1.0000,0.0000,0.0000,127,127,0,255,0.0000,0.0000,-0.0000,0.0079,-0.0000,0.0079,-0.0000,0.0079,-0.0000,0.0079,-0.0000,0.0079,-0.0000,0.0079,-0.0000,0.0079,-0.0000,0.0079,-0.0000,0.0079,-0.0000,0.0079
36,12,12,-0.0001,-0.0004,-4.0000,1.0000,0.0000,1.0000,0.0000,0.0000,127,127,0,255,0.5000,0.0000,-0.0000,0.0079,-0.0000,0.0079,-0.0000,0.0079,-0.0000,0.0079,-0.0000,0.0079,-0.0000,0.0079,-0.0000,0.0079,-0.0000,0.0079,-0.0000,0.0079,-0.0000,0.0079
37,7,7,-0.0001,-0.0004,-6.0000,1.0000,0.0000,1.0000,0.0000,0.0000,127,127,0,255,0.5000,-0.5000,-0.0000,0.0079,-0.0000,0.0079,-0.0000,0.0079,-0.0000,0.0079,-0.0000,0.0079,-0.0000,0.0079,-0.0000,0.0079,-0.0000,0.0079,-0.0000,0.0079,-0.0000,0.0079
38,11,11,-2.0000,-0.0004,-4.0000,1.0000,0.0000,1.0000,0.0000,0.0000,127,127,0,255,0.0000,0.0000,-0.0000,0.0079,-0.0000,0.0079,-0.0000,0.0079,-0.0000,0.0079,-0.0000,0.0079,-0.0000,0.0079,-0.0000,0.0079,-0.0000,0.0079,-0.0000,0.0079,-0.0000,0.0079
39,13,13,2.0000,-0.0004,-6.0000,1.0000,0.0000,1.0000,0.0000,0.0000,127,127,0,255,1.0000,-0.5000,-0.0000,0.0079,-0.0000,0.0079,-0.0000,0.0079,-0.0000,0.0079,-0.0000,0.0079,-0.0000,0.0079,-0.0000,0.0079,-0.0000,0.0079,-0.0000,0.0079,-0.0000,0.0079
40,7,7,-0.0001,-0.0004,-6.0000,1.0000,0.0000,1.0000,0.0000,0.0000,127,127,0,255,0.5000,-0.5000,-0.0000,0.0079,-0.0000,0.0079,-0.0000,0.0079,-0.0000,0.0079,-0.0000,0.0079,-0.0000,0.0079,-0.0000,0.0079,-0.0000,0.0079,-0.0000,0.0079,-0.0000,0.0079
41,12,12,-0.0001,-0.0004,-4.0000,1.0000,0.0000,1.0000,0.0000,0.0000,127,127,0,255,0.5000,0.0000,-0.0000,0.0079,-0.0000,0.0079,-0.0000,0.0079,-0.0000,0.0079,-0.0000,0.0079,-0.0000,0.0079,-0.0000,0.0079,-0.0000,0.0079,-0.0000,0.0079,-0.0000,0.0079
42,13,13,2.0000,-0.0004,-6.0000,1.0000,0.0000,1.0000,0.0000,0.0000,127,127,0,255,1.0000,-0.5000,-0.0000,0.0079,-0.0000,0.0079,-0.0000,0.0079,-0.0000,0.0079,-0.0000,0.0079,-0.0000,0.0079,-0.0000,0.0079,-0.0000,0.0079,-0.0000,0.0079,-0.0000,0.0079
43,8,8,2.0000,-0.0004,-8.0000,1.0000,0.0000,1.0000,0.0000,0.0000,127,127,0,255,1.0000,-1.0000,-0.0000,0.0079,-0.0000,0.0079,-0.0000,0.0079,-0.0000,0.0079,-0.0000,0.0079,-0.0000,0.0079,-0.0000,0.0079,-0.0000,0.0079,-0.0000,0.0079,-0.0000,0.0079
44,7,7,-0.0001,-0.0004,-6.0000,1.0000,0.0000,1.0000,0.0000,0.0000,127,127,0,255,0.5000,-0.5000,-0.0000,0.0079,-0.0000,0.0079,-0.0000,0.0079,-0.0000,0.0079,-0.0000,0.0079,-0.0000,0.0079,-0.0000,0.0079,-0.0000,0.0079,-0.0000,0.0079,-0.0000,0.0079
45,14,14,4.0000,-0.0004,-8.0000,1.0000,0.0000,1.0000,0.0000,0.0000,127,127,0,255,1.5000,-1.0000,-0.0000,0.0079,-0.0000,0.0079,-0.0000,0.0079,-0.0000,0.0079,-0.0000,0.0079,-0.0000,0.0079,-0.0000,0.0079,-0.0000,0.0079,-0.0000,0.0079,-0.0000,0.0079
46,8,8,2.0000,-0.0004,-8.0000,1.0000,0.0000,1.0000,0.0000,0.0000,127,127,0,255,1.0000,-1.0000,-0.0000,0.0079,-0.0000,0.0079,-0.0000,0.0079,-0.0000,0.0079,-0.0000,0.0079,-0.0000,0.0079,-0.0000,0.0079,-0.0000,0.0079,-0.0000,0.0079,-0.0000,0.0079
47,13,13,2.0000,-0.0004,-6.0000,1.0000,0.0000,1.0000,0.0000,0.0000,127,127,0,255,1.0000,-0.5000,-0.0000,0.0079,-0.0000,0.0079,-0.0000,0.0079,-0.0000,0.0079,-0.0000,0.0079,-0.0000,0.0079,-0.0000,0.0079,-0.0000,0.0079,-0.0000,0.0079,-0.0000,0.0079
48,15,15,4.0000,-0.0004,-6.0000,1.0000,0.0000,1.0000,0.0000,0.0000,127,127,0,255,1.5000,-0.5000,-0.0000,0.0079,-0.0000,0.0079,-0.0000,0.0079,-0.0000,0.0079,-0.0000,0.0079,-0.0000,0.0079,-0.0000,0.0079,-0.0000,0.0079,-0.0000,0.0079,-0.0000,0.0079
49,14,14,4.0000,-0.0004,-8.0000,1.0000,0.0000,1.0000,0.0000,0.0000,127,127,0,255,1.5000,-1.0000,-0.0000,0.0079,-0.0000,0.0079,-0.0000,0.0079,-0.0000,0.0079,-0.0000,0.0079,-0.0000,0.0079,-0.0000,0.0079,-0.0000,0.0079,-0.0000,0.0079,-0.0000,0.0079
50,13,13,2.0000,-0.0004,-6.0000,1.0000,0.0000,1.0000,0.0000,0.0000,127,127,0,255,1.0000,-0.5000,-0.0000,0.0079,-0.0000,0.0079,-0.0000,0.0079,-0.0000,0.0079,-0.0000,0.0079,-0.0000,0.0079,-0.0000,0.0079,-0.0000,0.0079,-0.0000,0.0079,-0.0000,0.0079
51,16,16,6.0000,-0.0004,-8.0000,1.0000,0.0000,1.0000,0.0000,0.0000,127,127,0,255,2.0000,-1.0000,-0.0000,0.0079,-0.0000,0.0079,-0.0000,0.0079,-0.0000,0.0079,-0.0000,0.0079,-0.0000,0.0079,-0.0000,0.0079,-0.0000,0.0079,-0.0000,0.0079,-0.0000,0.0079
52,14,14,4.0000,-0.0004,-8.0000,1.0000,0.0000,1.0000,0.0000,0.0000,127,127,0,255,1.5000,-1.0000,-0.0000,0.0079,-0.0000,0.0079,-0.0000,0.0079,-0.0000,0.0079,-0.0000,0.0079,-0.0000,0.0079,-0.0000,0.0079,-0.0000,0.0079,-0.0000,0.0079,-0.0000,0.0079
53,15,15,4.0000,-0.0004,-6.0000,1.0000,0.0000,1.0000,0.0000,0.0000,127,127,0,255,1.5000,-0.5000,-0.0000,0.0079,-0.0000,0.0079,-0.0000,0.0079,-0.0000,0.0079,-0.0000,0.0079,-0.0000,0.0079,-0.0000,0.0079,-0.0000,0.0079,-0.0000,0.0079,-0.0000,0.0079
54,17,17,6.0000,-0.0004,-6.0000,1.0000,0.0000,1.0000,0.0000,0.0000,127,127,0,255,2.0000,-0.5000,-0.0000,0.0079,-0.0000,0.0079,-0.0000,0.0079,-0.0000,0.0079,-0.0000,0.0079,-0.0000,0.0079,-0.0000,0.0079,-0.0000,0.0079,-0.0000,0.0079,-0.0000,0.0079
55,16,16,6.0000,-0.0004,-8.0000,1.0000,0.0000,1.0000,0.0000,0.0000,127,127,0,255,2.0000,-1.0000,-0.0000,0.0079,-0.0000,0.0079,-0.0000,0.0079,-0.0000,0.0079,-0.0000,0.0079,-0.0000,0.0079,-0.0000,0.0079,-0.0000,0.0079,-0.0000,0.0079,-0.0000,0.0079
56,15,15,4.0000,-0.0004,-6.0000,1.0000,0.0000,1.0000,0.0000,0.0000,127,127,0,255,1.5000,-0.5000,-0.0000,0.0079,-0.0000,0.0079,-0.0000,0.0079,-0.0000,0.0079,-0.0000,0.0079,-0.0000,0.0079,-0.0000,0.0079,-0.0000,0.0079,-0.0000,0.0079,-0.0000,0.0079
57,18,18,2.0000,-0.0004,-4.0000,1.0000,0.0000,1.0000,0.0000,0.0000,127,127,0,255,1.0000,0.0000,-0.0000,0.0079,-0.0000,0.0079,-0.0000,0.0079,-0.0000,0.0079,-0.0000,0.0079,-0.0000,0.0079,-0.0000,0.0079,-0.0000,0.0079,-0.0000,0.0079,-0.0000,0.0079
58,13,13,2.0000,-0.0004,-6.0000,1.0000,0.0000,1.0000,0.0000,0.0000,127,127,0,255,1.0000,-0.5000,-0.0000,0.0079,-0.0000,0.0079,-0.0000,0.0079,-0.0000,0.0079,-0.0000,0.0079,-0.0000,0.0079,-0.0000,0.0079,-0.0000,0.0079,-0.0000,0.0079,-0.0000,0.0079
59,12,12,-0.0001,-0.0004,-4.0000,1.0000,0.0000,1.0000,0.0000,0.0000,127,127,0,255,0.5000,0.0000,-0.0000,0.0079,-0.0000,0.0079,-0.0000,0.0079,-0.0000,0.0079,-0.0000,0.0079,-0.0000,0.0079,-0.0000,0.0079,-0.0000,0.0079,-0.0000,0.0079,-0.0000,0.0079
60,15,15,4.0000,-0.0004,-6.0000,1.0000,0.0000,1.0000,0.0000,0.0000,127,127,0,255,1.5000,-0.5000,-0.0000,0.0079,-0.0000,0.0079,-0.0000,0.0079,-0.0000,0.0079,-0.0000,0.0079,-0.0000,0.0079,-0.0000,0.0079,-0.0000,0.0079,-0.0000,0.0079,-0.0000,0.0079
61,13,13,2.0000,-0.0004,-6.0000,1.0000,0.0000,1.0000,0.0000,0.0000,127,127,0,255,1.0000,-0.5000,-0.0000,0.0079,-0.0000,0.0079,-0.0000,0.0079,-0.0000,0.0079,-0.0000,0.0079,-0.0000,0.0079,-0.0000,0.0079,-0.0000,0.0079,-0.0000,0.0079,-0.0000,0.0079
62,18,18,2.0000,-0.0004,-4.0000,1.0000,0.0000,1.0000,0.0000,0.0000,127,127,0,255,1.0000,0.0000,-0.0000,0.0079,-0.0000,0.0079,-0.0000,0.0079,-0.0000,0.0079,-0.0000,0.0079,-0.0000,0.0079,-0.0000,0.0079,-0.0000,0.0079,-0.0000,0.0079,-0.0000,0.0079
63,19,19,4.0000,-0.0004,-4.0000,1.0000,0.0000,1.0000,0.0000,0.0000,127,127,0,255,1.5000,0.0000,-0.0000,0.0079,-0.0000,0.0079,-0.0000,0.0079,-0.0000,0.0079,-0.0000,0.0079,-0.0000,0.0079,-0.0000,0.0079,-0.0000,0.0079,-0.0000,0.0079,-0.0000,0.0079
64,15,15,4.0000,-0.0004,-6.0000,1.0000,0.0000,1.0000,0.0000,0.0000,127,127,0,255,1.5000,-0.5000,-0.0000,0.0079,-0.0000,0.0079,-0.0000,0.0079,-0.0000,0.0079,-0.0000,0.0079,-0.0000,0.0079,-0.0000,0.0079,-0.0000,0.0079,-0.0000,0.0079,-0.0000,0.0079
65,18,18,2.0000,-0.0004,-4.0000,1.0000,0.0000,1.0000,0.0000,0.0000,127,127,0,255,1.0000,0.0000,-0.0000,0.0079,-0.0000,0.0079,-0.0000,0.0079,-0.0000,0.0079,-0.0000,0.0079,-0.0000,0.0079,-0.0000,0.0079,-0.0000,0.0079,-0.0000,0.0079,-0.0000,0.0079
66,17,17,6.0000,-0.0004,-6.0000,1.0000,0.0000,1.0000,0.0000,0.0000,127,127,0,255,2.0000,-0.5000,-0.0000,0.0079,-0.0000,0.0079,-0.0000,0.0079,-0.0000,0.0079,-0.0000,0.0079,-0.0000,0.0079,-0.0000,0.0079,-0.0000,0.0079,-0.0000,0.0079,-0.0000,0.0079
67,15,15,4.0000,-0.0004,-6.0000,1.0000,0.0000,1.0000,0.0000,0.0000,127,127,0,255,1.5000,-0.5000,-0.0000,0.0079,-0.0000,0.0079,-0.0000,0.0079,-0.0000,0.0079,-0.0000,0.0079,-0.0000,0.0079,-0.0000,0.0079,-0.0000,0.0079,-0.0000,0.0079,-0.0000,0.0079
68,19,19,4.0000,-0.0004,-4.0000,1.0000,0.0000,1.0000,0.0000,0.0000,127,127,0,255,1.5000,0.0000,-0.0000,0.0079,-0.0000,0.0079,-0.0000,0.0079,-0.0000,0.0079,-0.0000,0.0079,-0.0000,0.0079,-0.0000,0.0079,-0.0000,0.0079,-0.0000,0.0079,-0.0000,0.0079
69,20,20,6.0000,-0.0004,-4.0000,1.0000,0.0000,1.0000,0.0000,0.0000,127,127,0,255,2.0000,0.0000,-0.0000,0.0079,-0.0000,0.0079,-0.0000,0.0079,-0.0000,0.0079,-0.0000,0.0079,-0.0000,0.0079,-0.0000,0.0079,-0.0000,0.0079,-0.0000,0.0079,-0.0000,0.0079
70,17,17,6.0000,-0.0004,-6.0000,1.0000,0.0000,1.0000,0.0000,0.0000,127,127,0,255,2.0000,-0.5000,-0.0000,0.0079,-0.0000,0.0079,-0.0000,0.0079,-0.0000,0.0079,-0.0000,0.0079,-0.0000,0.0079,-0.0000,0.0079,-0.0000,0.0079,-0.0000,0.0079,-0.0000,0.0079
71,19,19,4.0000,-0.0004,-4.0000,1.0000,0.0000,1.0000,0.0000,0.0000,127,127,0,255,1.5000,0.0000,-0.0000,0.0079,-0.0000,0.0079,-0.0000,0.0079,-0.0000,0.0079,-0.0000,0.0079,-0.0000,0.0079,-0.0000,0.0079,-0.0000,0.0079,-0.0000,0.0079,-0.0000,0.0079
72,21,21,-4.0000,-0.0004,-4.0000,1.0000,0.0000,1.0000,0.0000,0.0000,127,127,0,255,-0.5000,-1.0000,-0.0000,0.0079,-0.0000,0.0079,-0.0000,0.0079,-0.0000,0.0079,-0.0000,0.0079,-0.0000,0.0079,-0.0000,0.0079,-0.0000,0.0079,-0.0000,0.0079,-0.0000,0.0079
73,22,22,-6.0000,-0.0004,-4.0000,1.0000,0.0000,1.0000,0.0000,0.0000,127,127,0,255,-1.0000,-1.0000,-0.0000,0.0079,-0.0000,0.0079,-0.0000,0.0079,-0.0000,0.0079,-0.0000,0.0079,-0.0000,0.0079,-0.0000,0.0079,-0.0000,0.0079,-0.0000,0.0079,-0.0000,0.0079
74,23,23,-6.0000,-0.0004,-2.0000,1.0000,0.0000,1.0000,0.0000,0.0000,127,127,0,255,-1.0000,-0.5000,-0.0000,0.0079,-0.0000,0.0079,-0.0000,0.0079,-0.0000,0.0079,-0.0000,0.0079,-0.0000,0.0079,-0.0000,0.0079,-0.0000,0.0079,-0.0000,0.0079,-0.0000,0.0079
75,24,24,-4.0000,-0.0004,-2.0000,1.0000,0.0000,1.0000,0.0000,0.0000,127,127,0,255,-0.5000,-0.5000,-0.0000,0.0079,-0.0000,0.0079,-0.0000,0.0079,-0.0000,0.0079,-0.0000,0.0079,-0.0000,0.0079,-0.0000,0.0079,-0.0000,0.0079,-0.0000,0.0079,-0.0000,0.0079
76,21,21,-4.0000,-0.0004,-4.0000,1.0000,0.0000,1.0000,0.0000,0.0000,127,127,0,255,-0.5000,-1.0000,-0.0000,0.0079,-0.0000,0.0079,-0.0000,0.0079,-0.0000,0.0079,-0.0000,0.0079,-0.0000,0.0079,-0.0000,0.0079,-0.0000,0.0079,-0.0000,0.0079,-0.0000,0.0079
77,23,23,-6.0000,-0.0004,-2.0000,1.0000,0.0000,1.0000,0.0000,0.0000,127,127,0,255,-1.0000,-0.5000,-0.0000,0.0079,-0.0000,0.0079,-0.0000,0.0079,-0.0000,0.0079,-0.0000,0.0079,-0.0000,0.0079,-0.0000,0.0079,-0.0000,0.0079,-0.0000,0.0079,-0.0000,0.0079
78,25,25,-2.0000,-0.0004,-4.0000,1.0000,0.0000,1.0000,0.0000,0.0000,127,127,0,255,0.0000,-1.0000,-0.0000,0.0079,-0.0000,0.0079,-0.0000,0.0079,-0.0000,0.0079,-0.0000,0.0079,-0.0000,0.0079,-0.0000,0.0079,-0.0000,0.0079,-0.0000,0.0079,-0.0000,0.0079
79,21,21,-4.0000,-0.0004,-4.0000,1.0000,0.0000,1.0000,0.0000,0.0000,127,127,0,255,-0.5000,-1.0000,-0.0000,0.0079,-0.0000,0.0079,-0.0000,0.0079,-0.0000,0.0079,-0.0000,0.0079,-0.0000,0.0079,-0.0000,0.0079,-0.0000,0.0079,-0.0000,0.0079,-0.0000,0.0079
80,24,24,-4.0000,-0.0004,-2.0000,1.0000,0.0000,1.0000,0.0000,0.0000,127,127,0,255,-0.5000,-0.5000,-0.0000,0.0079,-0.0000,0.0079,-0.0000,0.0079,-0.0000,0.0079,-0.0000,0.0079,-0.0000,0.0079,-0.0000,0.0079,-0.0000,0.0079,-0.0000,0.0079,-0.0000,0.0079
81,26,26,-2.0000,-0.0004,-2.0000,1.0000,0.0000,1.0000,0.0000,0.0000,127,127,0,255,0.0000,-0.5000,-0.0000,0.0079,-0.0000,0.0079,-0.0000,0.0079,-0.0000,0.0079,-0.0000,0.0079,-0.0000,0.0079,-0.0000,0.0079,-0.0000,0.0079,-0.0000,0.0079,-0.0000,0.0079
82,25,25,-2.0000,-0.0004,-4.0000,1.0000,0.0000,1.0000,0.0000,0.0000,127,127,0,255,0.0000,-1.0000,-0.0000,0.0079,-0.0000,0.0079,-0.0000,0.0079,-0.0000,0.0079,-0.0000,0.0079,-0.0000,0.0079,-0.0000,0.0079,-0.0000,0.0079,-0.0000,0.0079,-0.0000,0.0079
83,24,24,-4.0000,-0.0004,-2.0000,1.0000,0.0000,1.0000,0.0000,0.0000,127,127,0,255,-0.5000,-0.5000,-0.0000,0.0079,-0.0000,0.0079,-0.0000,0.0079,-0.0000,0.0079,-0.0000,0.0079,-0.0000,0.0079,-0.0000,0.0079,-0.0000,0.0079,-0.0000,0.0079,-0.0000,0.0079
84,27,27,-0.0001,-0.0004,-4.0000,1.0000,0.0000,1.0000,0.0000,0.0000,127,127,0,255,0.5000,-1.0000,-0.0000,0.0079,-0.0000,0.0079,-0.0000,0.0079,-0.0000,0.0079,-0.0000,0.0079,-0.0000,0.0079,-0.0000,0.0079,-0.0000,0.0079,-0.0000,0.0079,-0.0000,0.0079
85,25,25,-2.0000,-0.0004,-4.0000,1.0000,0.0000,1.0000,0.0000,0.0000,127,127,0,255,0.0000,-1.0000,-0.0000,0.0079,-0.0000,0.0079,-0.0000,0.0079,-0.0000,0.0079,-0.0000,0.0079,-0.0000,0.0079,-0.0000,0.0079,-0.0000,0.0079,-0.0000,0.0079,-0.0000,0.0079
86,26,26,-2.0000,-0.0004,-2.0000,1.0000,0.0000,1.0000,0.0000,0.0000,127,127,0,255,0.0000,-0.5000,-0.0000,0.0079,-0.0000,0.0079,-0.0000,0.0079,-0.0000,0.0079,-0.0000,0.0079,-0.0000,0.0079,-0.0000,0.0079,-0.0000,0.0079,-0.0000,0.0079,-0.0000,0.0079
87,28,28,-0.0001,-0.0004,-2.0000,1.0000,0.0000,1.0000,0.0000,0.0000,127,127,0,255,0.5000,-0.5000,-0.0000,0.0079,-0.0000,0.0079,-0.0000,0.0079,-0.0000,0.0079,-0.0000,0.0079,-0.0000,0.0079,-0.0000,0.0079,-0.0000,0.0079,-0.0000,0.0079,-0.0000,0.0079
88,27,27,-0.0001,-0.0004,-4.0000,1.0000,0.0000,1.0000,0.0000,0.0000,127,127,0,255,0.5000,-1.0000,-0.0000,0.0079,-0.0000,0.0079,-0.0000,0.0079,-0.0000,0.0079,-0.0000,0.0079,-0.0000,0.0079,-0.0000,0.0079,-0.0000,0.0079,-0.0000,0.0079,-0.0000,0.0079
89,26,26,-2.0000,-0.0004,-2.0000,1.0000,0.0000,1.0000,0.0000,0.0000,127,127,0,255,0.0000,-0.5000,-0.0000,0.0079,-0.0000,0.0079,-0.0000,0.0079,-0.0000,0.0079,-0.0000,0.0079,-0.0000,0.0079,-0.0000,0.0079,-0.0000,0.0079,-0.0000,0.0079,-0.0000,0.0079
90,29,29,2.0000,-0.0004,-4.0000,1.0000,0.0000,1.0000,0.0000,0.0000,127,127,0,255,1.0000,-1.0000,-0.0000,0.0079,-0.0000,0.0078,-0.0000,0.0079,-0.0000,0.0078,-0.0000,0.0079,-0.0000,0.0078,-0.0000,0.0079,-0.0000,0.0078,-0.0000,0.0079,-0.0000,0.0078
91,27,27,-0.0001,-0.0004,-4.0000,1.0000,0.0000,1.0000,0.0000,0.0000,127,127,0,255,0.5000,-1.0000,-0.0000,0.0079,-0.0000,0.0079,-0.0000,0.0079,-0.0000,0.0079,-0.0000,0.0079,-0.0000,0.0079,-0.0000,0.0079,-0.0000,0.0079,-0.0000,0.0079,-0.0000,0.0079
92,28,28,-0.0001,-0.0004,-2.0000,1.0000,0.0000,1.0000,0.0000,0.0000,127,127,0,255,0.5000,-0.5000,-0.0000,0.0079,-0.0000,0.0079,-0.0000,0.0079,-0.0000,0.0079,-0.0000,0.0079,-0.0000,0.0079,-0.0000,0.0079,-0.0000,0.0079,-0.0000,0.0079,-0.0000,0.0079
93,24,24,-4.0000,-0.0004,-2.0000,1.0000,0.0000,1.0000,0.0000,0.0000,127,127,0,255,-0.5000,-0.5000,-0.0000,0.0079,-0.0000,0.0079,-0.0000,0.0079,-0.0000,0.0079,-0.0000,0.0079,-0.0000,0.0079,-0.0000,0.0079,-0.0000,0.0079,-0.0000,0.0079,-0.0000,0.0079
94,23,23,-6.0000,-0.0004,-2.0000,1.0000,0.0000,1.0000,0.0000,0.0000,127,127,0,255,-1.0000,-0.5000,-0.0000,0.0079,-0.0000,0.0079,-0.0000,0.0079,-0.0000,0.0079,-0.0000,0.0079,-0.0000,0.0079,-0.0000,0.0079,-0.0000,0.0079,-0.0000,0.0079,-0.0000,0.0079
95,30,30,-6.0000,-0.0004,-0.0000,1.0000,0.0000,1.0000,0.0000,0.0000,127,127,0,255,-1.0000,0.0000,-0.0000,0.0078,-0.0000,0.0078,-0.0000,0.0078,-0.0000,0.0078,-0.0000,0.0078,-0.0000,0.0078,-0.0000,0.0078,-0.0000,0.0078,-0.0000,0.0078,-0.0000,0.0078
96,31,31,-4.0000,-0.0004,-0.0000,1.0000,0.0000,1.0000,0.0000,0.0000,127,127,0,255,-0.5000,0.0000,-0.0000,0.0078,-0.0000,0.0078,-0.0000,0.0078,-0.0000,0.0078,-0.0000,0.0078,-0.0000,0.0078,-0.0000,0.0078,-0.0000,0.0078,-0.0000,0.0078,-0.0000,0.0078
97,24,24,-4.0000,-0.0004,-2.0000,1.0000,0.0000,1.0000,0.0000,0.0000,127,127,0,255,-0.5000,-0.5000,-0.0000,0.0079,-0.0000,0.0079,-0.0000,0.0079,-0.0000,0.0079,-0.0000,0.0079,-0.0000,0.0079,-0.0000,0.0079,-0.0000,0.0079,-0.0000,0.0079,-0.0000,0.0079
98,30,30,-6.0000,-0.0004,-0.0000,1.0000,0.0000,1.0000,0.0000,0.0000,127,127,0,255,-1.0000,0.0000,-0.0000,0.0078,-0.0000,0.0078,-0.0000,0.0078,-0.0000,0.0078,-0.0000,0.0078,-0.0000,0.0078,-0.0000,0.0078,-0.0000,0.0078,-0.0000,0.0078,-0.0000,0.0078
99,26,26,-2.0000,-0.0004,-2.0000,1.0000,0.0000,1.0000,0.0000,0.0000,127,127,0,255,0.0000,-0.5000,-0.0000,0.0079,-0.0000,0.0079,-0.0000,0.0079,-0.0000,0.0079,-0.0000,0.0079,-0.0000,0.0079,-0.0000,0.0079,-0.0000,0.0079,-0.0000,0.0079,-0.0000,0.0079
100,24,24,-4.0000,-0.0004,-2.0000,1.0000,0.0000,1.0000,0.0000,0.0000,127,127,0,255,-0.5000,-0.5000,-0.0000,0.0079,-0.0000,0.0079,-0.0000,0.0079,-0.0000,0.0079,-0.0000,0.0079,-0.0000,0.0079,-0.0000,0.0079,-0.0000,0.0079,-0.0000,0.0079,-0.0000,0.0079
101,31,31,-4.0000,-0.0004,-0.0000,1.0000,0.0000,1.0000,0.0000,0.0000,127,127,0,255,-0.5000,0.0000,-0.0000,0.0078,-0.0000,0.0078,-0.0000,0.0078,-0.0000,0.0078,-0.0000,0.0078,-0.0000,0.0078,-0.0000,0.0078,-0.0000,0.0078,-0.0000,0.0078,-0.0000,0.0078
102,32,32,-2.0000,-0.0004,-0.0000,1.0000,0.0000,1.0000,0.0000,0.0000,127,127,0,255,0.0000,0.0000,-0.0000,0.0078,-0.0000,0.0078,-0.0000,0.0078,-0.0000,0.0078,-0.0000,0.0078,-0.0000,0.0078,-0.0000,0.0078,-0.0000,0.0078,-0.0000,0.0078,-0.0000,0.0078
103,26,26,-2.0000,-0.0004,-2.0000,1.0000,0.0000,1.0000,0.0000,0.0000,127,127,0,255,0.0000,-0.5000,-0.0000,0.0079,-0.0000,0.0079,-0.0000,0.0079,-0.0000,0.0079,-0.0000,0.0079,-0.0000,0.0079,-0.0000,0.0079,-0.0000,0.0079,-0.0000,0.0079,-0.0000,0.0079
104,31,31,-4.0000,-0.0004,-0.0000,1.0000,0.0000,1.0000,0.0000,0.0000,127,127,0,255,-0.5000,0.0000,-0.0000,0.0078,-0.0000,0.0078,-0.0000,0.0078,-0.0000,0.0078,-0.0000,0.0078,-0.0000,0.0078,-0.0000,0.0078,-0.0000,0.0078,-0.0000,0.0078,-0.0000,0.0078
105,28,28,-0.0001,-0.0004,-2.0000,1.0000,0.0000,1.0000,0.0000,0.0000,127,127,0,255,0.5000,-0.5000,-0.0000,0.0079,-0.0000,0.0079,-0.0000,0.0079,-0.0000,0.0079,-0.0000,0.0079,-0.0000,0.0079,-0.0000,0.0079,-0.0000,0.0079,-0.0000,0.0079,-0.0000,0.0079
106,26,26,-2.0000,-0.0004,-2.0000,1.0000,0.0000,1.0000,0.0000,0.0000,127,127,0,255,0.0000,-0.5000,-0.0000,0.0079,-0.0000,0.0079,-0.0000,0.0079,-0.0000,0.0079,-0.0000,0.0079,-0.0000,0.0079,-0.0000,0.0079,-0.0000,0.0079,-0.0000,0.0079,-0.0000,0.0079
107,32,32,-2.0000,-0.0004,-0.0000,1.0000,0.0000,1.0000,0.0000,0.0000,127,127,0,255,0.0000,0.0000,-0.0000,0.0078,-0.0000,0.0078,-0.0000,0.0078,-0.0000,0.0078,-0.0000,0.0078,-0.0000,0.0078,-0.0000,0.0078,-0.0000,0.0078,-0.0000,0.0078,-0.0000,0.0078
108,33,33,-0.0001,-0.0004,-0.0000,1.0000,0.0000,1.0000,0.0000,0.0000,127,127,0,255,0.5000,0.0000,-0.0000,0.0078,-0.0000,0.0079,-0.0000,0.0078,-0.0000,0.0079,-0.0000,0.0078,-0.0000,0.0079,-0.0000,0.0078,-0.0000,0.0079,-0.0000,0.0078,-0.0000,0.0079
109,28,28,-0.0001,-0.0004,-2.0000,1.0000,0.0000,1.0000,0.0000,0.0000,127,127,0,255,0.5000,-0.5000,-0.0000,0.0079,-0.0000,0.0079,-0.0000,0.0079,-0.0000,0.0079,-0.0000,0.0079,-0.0000,0.0079,-0.0000,0.0079,-0.0000,0.0079,-0.0000,0.0079,-0.0000,0.0079
110,32,32,-2.0000,-0.0004,-0.0000,1.0000,0.0000,1.0000,0.0000,0.0000,127,127,0,255,0.0000,0.0000,-0.0000,0.0078,-0.0000,0.0078,-0.0000,0.0078,-0.0000,0.0078,-0.0000,0.0078,-0.0000,0.0078,-0.0000,0.0078,-0.0000,0.0078,-0.0000,0.0078,-0.0000,0.0078
111,34,34,2.0000,-0.0004,-2.0000,1.0000,0.0000,1.0000,0.0000,0.0000,127,127,0,255,1.0000,-0.5000,-0.0000,0.0079,-0.0000,0.0079,-0.0000,0.0079,-0.0000,0.0079,-0.0000,0.0079,-0.0000,0.0079,-0.0000,0.0079,-0.0000,0.0079,-0.0000,0.0079,-0.0000,0.0079
112,28,28,-0.0001,-0.0004,-2.0000,1.0000,0.0000,1.0000,0.0000,0.0000,127,127,0,255,0.5000,-0.5000,-0.0000,0.0079,-0.0000,0.0079,-0.0000,0.0079,-0.0000,0.0079,-0.0000,0.0079,-0.0000,0.0079,-0.0000,0.0079,-0.0000,0.0079,-0.0000,0.0079,-0.0000,0.0079
113,33,33,-0.0001,-0.0004,-0.0000,1.0000,0.0000,1.0000,0.0000,0.0000,127,127,0,255,0.5000,0.0000,-0.0000,0.0078,-0.0000,0.0079,-0.0000,0.0078,-0.0000,0.0079,-0.0000,0.0078,-0.0000,0.0079,-0.0000,0.0078,-0.0000,0.0079,-0.0000,0.0078,-0.0000,0.0079
114,34,34,2.0000,-0.0004,-2.0000,1.0000,0.0000,1.0000,0.0000,0.0000,127,127,0,255,1.0000,-0.5000,-0.0000,0.0079,-0.0000,0.0079,-0.0000,0.0079,-0.0000,0.0079,-0.0000,0.0079,-0.0000,0.0079,-0.0000,0.0079,-0.0000,0.0079,-0.0000,0.0079,-0.0000,0.0079
115,29,29,2.0000,-0.0004,-4.0000,1.0000,0.0000,1.0000,0.0000,0.0000,127,127,0,255,1.0000,-1.0000,-0.0000,0.0079,-0.0000,0.0078,-0.0000,0.0079,-0.0000,0.0078,-0.0000,0.0079,-0.0000,0.0078,-0.0000,0.0079,-0.0000,0.0078,-0.0000,0.0079,-0.0000,0.0078
116,28,28,-0.0001,-0.0004,-2.0000,1.0000,0.0000,1.0000,0.0000,0.0000,127,127,0,255,0.5000,-0.5000,-0.0000,0.0079,-0.0000,0.0079,-0.0000,0.0079,-0.0000,0.0079,-0.0000,0.0079,-0.0000,0.0079,-0.0000,0.0079,-0.0000,0.0079,-0.0000,0.0079,-0.0000,0.0079
117,35,35,4.0000,-0.0004,-4.0000,1.0000,0.0000,1.0000,0.0000,0.0000,127,127,0,255,1.5000,-1.0000,-0.0000,0.0079,-0.0000,0.0078,-0.0000,0.0079,-0.0000,0.0078,-0.0000,0.0079,-0.0000,0.0078,-0.0000,0.0079,-0.0000,0.0078,-0.0000,0.0079,-0.0000,0.0078
118,29,29,2.0000,-0.0004,-4.0000,1.0000,0.0000,1.0000,0.0000,0.0000,127,127,0,255,1.0000,-1.0000,-0.0000,0.0079,-0.0000,0.0078,-0.0000,0.0079,-0.0000,0.0078,-0.0000,0.0079,-0.0000,0.0078,-0.0000,0.0079,-0.0000,0.0078,-0.0000,0.0079,-0.0000,0.0078
119,34,34,2.0000,-0.0004,-2.0000,1.0000,0.0000,1.0000,0.0000,0.0000,127,127,0,255,1.0000,-0.5000,-0.0000,0.0079,-0.0000,0.0079,-0.0000,0.0079,-0.0000,0.0079,-0.0000,0.0079,-0.0000,0.0079,-0.0000,0.0079,-0.0000,0.0079,-0.0000,0.0079,-0.0000,0.0079
120,31,31,-4.0000,-0.0004,-0.0000,1.0000,0.0000,1.0000,0.0000,0.0000,127,127,0,255,-0.5000,0.0000,-0.0000,0.0078,-0.0000,0.0078,-0.0000,0.0078,-0.0000,0.0078,-0.0000,0.0078,-0.0000,0.0078,-0.0000,0.0078,-0.0000,0.0078,-0.0000,0.0078,-0.0000,0.0078
121,30,30,-6.0000,-0.0004,-0.0000,1.0000,0.0000,1.0000,0.0000,0.0000,127,127,0,255,-1.0000,0.0000,-0.0000,0.0078,-0.0000,0.0078,-0.0000,0.0078,-0.0000,0.0078,-0.0000,0.0078,-0.0000,0.0078,-0.0000,0.0078,-0.0000,0.0078,-0.0000,0.0078,-0.0000,0.0078
122,36,36,-6.0000,-0.0004,2.0000,1.0000,0.0000,1.0000,0.0000,0.0000,127,127,0,255,-1.0000,0.5000,-0.0000,0.0078,-0.0000,0.0078,-0.0000,0.0078,-0.0000,0.0078,-0.0000,0.0078,-0.0000,0.0078,-0.0000,0.0078,-0.0000,0.0078,-0.0000,0.0078,-0.0000,0.0078
123,37,37,-4.0000,-0.0004,2.0000,1.0000,0.0000,1.0000,0.0000,0.0000,127,127,0,255,-0.5000,0.5000,-0.0000,0.0078,-0.0000,0.0078,-0.0000,0.0078,-0.0000,0.0078,-0.0000,0.0078,-0.0000,0.0078,-0.0000,0.0078,-0.0000,0.0078,-0.0000,0.0078,-0.0000,0.0078
124,31,31,-4.0000,-0.0004,-0.0000,1.0000,0.0000,1.0000,0.0000,0.0000,127,127,0,255,-0.5000,0.0000,-0.0000,0.0078,-0.0000,0.0078,-0.0000,0.0078,-0.0000,0.0078,-0.0000,0.0078,-0.0000,0.0078,-0.0000,0.0078,-0.0000,0.0078,-0.0000,0.0078,-0.0000,0.0078
125,36,36,-6.0000,-0.0004,2.0000,1.0000,0.0000,1.0000,0.0000,0.0000,127,127,0,255,-1.0000,0.5000,-0.0000,0.0078,-0.0000,0.0078,-0.0000,0.0078,-0.0000,0.0078,-0.0000,0.0078,-0.0000,0.0078,-0.0000,0.0078,-0.0000,0.0078,-0.0000,0.0078,-0.0000,0.0078
126,32,32,-2.0000,-0.0004,-0.0000,1.0000,0.0000,1.0000,0.0000,0.0000,127,127,0,255,0.0000,0.0000,-0.0000,0.0078,-0.0000,0.0078,-0.0000,0.0078,-0.0000,0.0078,-0.0000,0.0078,-0.0000,0.0078,-0.0000,0.0078,-0.0000,0.0078,-0.0000,0.0078,-0.0000,0.0078
127,31,31,-4.0000,-0.0004,-0.0000,1.0000,0.0000,1.0000,0.0000,0.0000,127,127,0,255,-0.5000,0.0000,-0.0000,0.0078,-0.0000,0.0078,-0.0000,0.0078,-0.0000,0.0078,-0.0000,0.0078,-0.0000,0.0078,-0.0000,0.0078,-0.0000,0.0078,-0.0000,0.0078,-0.0000,0.0078
128,37,37,-4.0000,-0.0004,2.0000,1.0000,0.0000,1.0000,0.0000,0.0000,127,127,0,255,-0.5000,0.5000,-0.0000,0.0078,-0.0000,0.0078,-0.0000,0.0078,-0.0000,0.0078,-0.0000,0.0078,-0.0000,0.0078,-0.0000,0.0078,-0.0000,0.0078,-0.0000,0.0078,-0.0000,0.0078
129,38,38,-2.0000,-0.0004,2.0000,1.0000,0.0000,1.0000,0.0000,0.0000,127,127,0,255,0.0000,0.5000,-0.0000,0.0078,-0.0000,0.0078,-0.0000,0.0078,-0.0000,0.0078,-0.0000,0.0078,-0.0000,0.0078,-0.0000,0.0078,-0.0000,0.0078,-0.0000,0.0078,-0.0000,0.0078
130,32,32,-2.0000,-0.0004,-0.0000,1.0000,0.0000,1.0000,0.0000,0.0000,127,127,0,255,0.0000,0.0000,-0.0000,0.0078,-0.0000,0.0078,-0.0000,0.0078,-0.0000,0.0078,-0.0000,0.0078,-0.0000,0.0078,-0.0000,0.0078,-0.0000,0.0078,-0.0000,0.0078,-0.0000,0.0078
131,37,37,-4.0000,-0.0004,2.0000,1.0000,0.0000,1.0000,0.0000,0.0000,127,127,0,255,-0.5000,0.5000,-0.0000,0.0078,-0.0000,0.0078,-0.0000,0.0078,-0.0000,0.0078,-0.0000,0.0078,-0.0000,0.0078,-0.0000,0.0078,-0.0000,0.0078,-0.0000,0.0078,-0.0000,0.0078
132,33,33,-0.0001,-0.0004,-0.0000,1.0000,0.0000,1.0000,0.0000,0.0000,127,127,0,255,0.5000,0.0000,-0.0000,0.0078,-0.0000,0.0079,-0.0000,0.0078,-0.0000,0.0079,-0.0000,0.0078,-0.0000,0.0079,-0.0000,0.0078,-0.0000,0.0079,-0.0000,0.0078,-0.0000,0.0079
133,32,32,-2.0000,-0.0004,-0.0000,1.0000,0.0000,1.0000,0.0000,0.0000,127,127,0,255,0.0000,0.0000,-0.0000,0.0078,-0.0000,0.0078,-0.0000,0.0078,-0.0000,0.0078,-0.0000,0.0078,-0.0000,0.0078,-0.0000,0.0078,-0.0000,0.0078,-0.0000,0.0078,-0.0000,0.0078
134,38,38,-2.0000,-0.0004,2.0000,1.0000,0.0000,1.0000,0.0000,0.0000,127,127,0,255,0.0000,0.5000,-0.0000,0.0078,-0.0000,0.0078,-0.0000,0.0078,-0.0000,0.0078,-0.0000,0.0078,-0.0000,0.0078,-0.0000,0.0078,-0.0000,0.0078,-0.0000,0.0078,-0.0000,0.0078
135,39,39,-0.0001,-0.0004,2.0000,1.0000,0.0000,1.0000,0.0000,0.0000,127,127,0,255,0.5000,0.5000,-0.0000,0.0078,-0.0000,0.0078,-0.0000,0.0078,-0.0000,0.0078,-0.0000,0.0078,-0.0000,0.0078,-0.0000,0.0078,-0.0000,0.0078,-0.0000,0.0078,-0.0000,0.0078
136,33,33,-0.0001,-0.0004,-0.0000,1.0000,0.0000,1.0000,0.0000,0.0000,127,127,0,255,0.5000,0.0000,-0.0000,0.0078,-0.0000,0.0079,-0.0000,0.0078,-0.0000,0.0079,-0.0000,0.0078,-0.0000,0.0079,-0.0000,0.0078,-0.0000,0.0079,-0.0000,0.0078,-0.0000,0.0079
137,38,38,-2.0000,-0.0004,2.0000,1.0000,0.0000,1.0000,0.0000,0.0000,127,127,0,255,0.0000,0.5000,-0.0000,0.0078,-0.0000,0.0078,-0.0000,0.0078,-0.0000,0.0078,-0.0000,0.0078,-0.0000,0.0078,-0.0000,0.0078,-0.0000,0.0078,-0.0000,0.0078,-0.0000,0.0078
138,40,40,2.0000,-0.0004,-0.0000,1.0000,0.0000,1.0000,0.0000,0.0000,127,127,0,255,1.0000,0.0000,-0.0000,0.0078,-0.0000,0.0079,-0.0000,0.0078,-0.0000,0.0079,-0.0000,0.0078,-0.0000,0.0079,-0.0000,0.0078,-0.0000,0.0079,-0.0000,0.0078,-0.0000,0.0079
139,33,33,-0.0001,-0.0004,-0.0000,1.0000,0.0000,1.0000,0.0000,0.0000,127,127,0,255,0.5000,0.0000,-0.0000,0.0078,-0.0000,0.0079,-0.0000,0.0078,-0.0000,0.0079,-0.0000,0.0078,-0.0000,0.0079,-0.0000,0.0078,-0.0000,0.0079,-0.0000,0.0078,-0.0000,0.0079
140,39,39,-0.0001,-0.0004,2.0000,1.0000,0.0000,1.0000,0.0000,0.0000,127,127,0,255,0.5000,0.5000,-0.0000,0.0078,-0.0000,0.0078,-0.0000,0.0078,-0.0000,0.0078,-0.0000,0.0078,-0.0000,0.0078,-0.0000,0.0078,-0.0000,0.0078,-0.0000,0.0078,-0.0000,0.0078
141,40,40,2.0000,-0.0004,-0.0000,1.0000,0.0000,1.0000,0.0000,0.0000,127,127,0,255,1.0000,0.0000,-0.0000,0.0078,-0.0000,0.0079,-0.0000,0.0078,-0.0000,0.0079,-0.0000,0.0078,-0.0000,0.0079,-0.0000,0.0078,-0.0000,0.0079,-0.0000,0.0078,-0.0000,0.0079
142,34,34,2.0000,-0.0004,-2.0000,1.0000,0.0000,1.0000,0.0000,0.0000,127,127,0,255,1.0000,-0.5000,-0.0000,0.0079,-0.0000,0.0079,-0.0000,0.0079,-0.0000,0.0079,-0.0000,0.0079,-0.0000,0.0079,-0.0000,0.0079,-0.0000,0.0079,-0.0000,0.0079,-0.0000,0.0079
143,33,33,-0.0001,-0.0004,-0.0000,1.0000,0.0000,1.0000,0.0000,0.0000,127,127,0,255,0.5000,0.0000,-0.0000,0.0078,-0.0000,0.0079,-0.0000,0.0078,-0.0000,0.0079,-0.0000,0.0078,-0.0000,0.0079,-0.0000,0.0078,-0.0000,0.0079,-0.0000,0.0078,-0.0000,0.0079
144,41,41,4.0000,-0.0004,-2.0000,1.0000,0.0000,1.0000,0.0000,0.0000,127,127,0,255,1.5000,-0.5000,-0.0000,0.0079,-0.0000,0.0079,-0.0000,0.0079,-0.0000,0.0079,-0.0000,0.0079,-0.0000,0.0079,-0.0000,0.0079,-0.0000,0.0079,-0.0000,0.0079,-0.0000,0.0079
145,34,34,2.0000,-0.0004,-2.0000,1.0000,0.0000,1.0000,0.0000,0.0000,127,127,0,255,1.0000,-0.5000,-0.0000,0.0079,-0.0000,0.0079,-0.0000,0.0079,-0.0000,0.0079,-0.0000,0.0079,-0.0000,0.0079,-0.0000,0.0079,-0.0000,0.0079,-0.0000,0.0079,-0.0000,0.0079
146,40,40,2.0000,-0.0004,-0.0000,1.0000,0.0000,1.0000,0.0000,0.0000,127,127,0,255,1.0000,0.0000,-0.0000,0.0078,-0.0000,0.0079,-0.0000,0.0078,-0.0000,0.0079,-0.0000,0.0078,-0.0000,0.0079,-0.0000,0.0078,-0.0000,0.0079,-0.0000,0.0078,-0.0000,0.0079
147,41,41,4.0000,-0.0004,-2.0000,1.0000,0.0000,1.0000,0.0000,0.0000,127,127,0,255,1.5000,-0.5000,-0.0000,0.0079,-0.0000,0.0079,-0.0000,0.0079,-0.0000,0.0079,-0.0000,0.0079,-0.0000,0.0079,-0.0000,0.0079,-0.0000,0.0079,-0.0000,0.0079,-0.0000,0.0079
148,35,35,4.0000,-0.0004,-4.0000,1.0000,0.0000,1.0000,0.0000,0.0000,127,127,0,255,1.5000,-1.0000,-0.0000,0.0079,-0.0000,0.0078,-0.0000,0.0079,-0.0000,0.0078,-0.0000,0.0079,-0.0000,0.0078,-0.0000,0.0079,-0.0000,0.0078,-0.0000,0.0079,-0.0000,0.0078
149,34,34,2.0000,-0.0004,-2.0000,1.0000,0.0000,1.0000,0.0000,0.0000,127,127,0,255,1.0000,-0.5000,-0.0000,0.0079,-0.0000,0.0079,-0.0000,0.0079,-0.0000,0.0079,-0.0000,0.0079,-0.0000,0.0079,-0.0000,0.0079,-0.0000,0.0079,-0.0000,0.0079,-0.0000,0.0079
150,42,42,6.0000,-0.0004,-4.0000,1.0000,0.0000,1.0000,0.0000,0.0000,127,127,0,255,2.0000,-1.0000,-0.0000,0.0079,-0.0000,0.0078,-0.0000,0.0079,-0.0000,0.0078,-0.0000,0.0079,-0.0000,0.0078,-0.0000,0.0079,-0.0000,0.0078,-0.0000,0.0079,-0.0000,0.0078
151,35,35,4.0000,-0.0004,-4.0000,1.0000,0.0000,1.0000,0.0000,0.0000,127,127,0,255,1.5000,-1.0000,-0.0000,0.0079,-0.0000,0.0078,-0.0000,0.0079,-0.0000,0.0078,-0.0000,0.0079,-0.0000,0.0078,-0.0000,0.0079,-0.0000,0.0078,-0.0000,0.0079,-0.0000,0.0078
152,41,41,4.0000,-0.0004,-2.0000,1.0000,0.0000,1.0000,0.0000,0.0000,127,127,0,255,1.5000,-0.5000,-0.0000,0.0079,-0.0000,0.0079,-0.0000,0.0079,-0.0000,0.0079,-0.0000,0.0079,-0.0000,0.0079,-0.0000,0.0079,-0.0000,0.0079,-0.0000,0.0079,-0.0000,0.0079
153,37,37,-4.0000,-0.0004,2.0000,1.0000,0.0000,1.0000,0.0000,0.0000,127,127,0,255,-0.5000,0.5000,-0.0000,0.0078,-0.0000,0.0078,-0.0000,0.0078,-0.0000,0.0078,-0.0000,0.0078,-0.0000,0.0078,-0.0000,0.0078,-0.0000,0.0078,-0.0000,0.0078,-0.0000,0.0078
154,36,36,-6.0000,-0.0004,2.0000,1.0000,0.0000,1.0000,0.0000,0.0000,127,127,0,255,-1.0000,0.5000,-0.0000,0.0078,-0.0000,0.0078,-0.0000,0.0078,-0.0000,0.0078,-0.0000,0.0078,-0.0000,0.0078,-0.0000,0.0078,-0.0000,0.0078,-0.0000,0.0078,-0.0000,0.0078
155,43,43,-6.0000,-0.0004,4.0000,1.0000,0.0000,1.0000,0.0000,0.0000,127,127,0,255,-1.0000,1.0000,-0.0000,0.0078,-0.0000,0.0078,-0.0000,0.0078,-0.0000,0.0078,-0.0000,0.0078,-0.0000,0.0078,-0.0000,0.0078,-0.0000,0.0078,-0.0000,0.0078,-0.0000,0.0078
156,44,44,-4.0000,-0.0004,4.0000,1.0000,0.0000,1.0000,0.0000,0.0000,127,127,0,255,-0.5000,1.0000,-0.0000,0.0078,-0.0000,0.0078,-0.0000,0.0078,-0.0000,0.0078,-0.0000,0.0078,-0.0000,0.0078,-0.0000,0.0078,-0.0000,0.0078,-0.0000,0.0078,-0.0000,0.0078
157,37,37,-4.0000,-0.0004,2.0000,1.0000,0.0000,1.0000,0.0000,0.0000,127,127,0,255,-0.5000,0.5000,-0.0000,0.0078,-0.0000,0.0078,-0.0000,0.0078,-0.0000,0.0078,-0.0000,0.0078,-0.0000,0.0078,-0.0000,0.0078,-0.0000,0.0078,-0.0000,0.0078,-0.0000,0.0078
158,43,43,-6.0000,-0.0004,4.0000,1.0000,0.0000,1.0000,0.0000,0.0000,127,127,0,255,-1.0000,1.0000,-0.0000,0.0078,-0.0000,0.0078,-0.0000,0.0078,-0.0000,0.0078,-0.0000,0.0078,-0.0000,0.0078,-0.0000,0.0078,-0.0000,0.0078,-0.0000,0.0078,-0.0000,0.0078
159,38,38,-2.0000,-0.0004,2.0000,1.0000,0.0000,1.0000,0.0000,0.0000,127,127,0,255,0.0000,0.5000,-0.0000,0.0078,-0.0000,0.0078,-0.0000,0.0078,-0.0000,0.0078,-0.0000,0.0078,-0.0000,0.0078,-0.0000,0.0078,-0.0000,0.0078,-0.0000,0.0078,-0.0000,0.0078
160,37,37,-4.0000,-0.0004,2.0000,1.0000,0.0000,1.0000,0.0000,0.0000,127,127,0,255,-0.5000,0.5000,-0.0000,0.0078,-0.0000,0.0078,-0.0000,0.0078,-0.0000,0.0078,-0.0000,0.0078,-0.0000,0.0078,-0.0000,0.0078,-0.0000,0.0078,-0.0000,0.0078,-0.0000,0.0078
161,44,44,-4.0000,-0.0004,4.0000,1.0000,0.0000,1.0000,0.0000,0.0000,127,127,0,255,-0.5000,1.0000,-0.0000,0.0078,-0.0000,0.0078,-0.0000,0.0078,-0.0000,0.0078,-0.0000,0.0078,-0.0000,0.0078,-0.0000,0.0078,-0.0000,0.0078,-0.0000,0.0078,-0.0000,0.0078
162,45,45,-2.0000,-0.0004,4.0000,1.0000,0.0000,1.0000,0.0000,0.0000,127,127,0,255,0.0000,1.0000,-0.0000,0.0078,-0.0000,0.0078,-0.0000,0.0078,-0.0000,0.0078,-0.0000,0.0078,-0.0000,0.0078,-0.0000,0.0078,-0.0000,0.0078,-0.0000,0.0078,-0.0000,0.0078
163,38,38,-2.0000,-0.0004,2.0000,1.0000,0.0000,1.0000,0.0000,0.0000,127,127,0,255,0.0000,0.5000,-0.0000,0.0078,-0.0000,0.0078,-0.0000,0.0078,-0.0000,0.0078,-0.0000,0.0078,-0.0000,0.0078,-0.0000,0.0078,-0.0000,0.0078,-0.0000,0.0078,-0.0000,0.0078
164,44,44,-4.0000,-0.0004,4.0000,1.0000,0.0000,1.0000,0.0000,0.0000,127,127,0,255,-0.5000,1.0000,-0.0000,0.0078,-0.0000,0.0078,-0.0000,0.0078,-0.0000,0.0078,-0.0000,0.0078,-0.0000,0.0078,-0.0000,0.0078,-0.0000,0.0078,-0.0000,0.0078,-0.0000,0.0078
165,39,39,-0.0001,-0.0004,2.0000,1.0000,0.0000,1.0000,0.0000,0.0000,127,127,0,255,0.5000,0.5000,-0.0000,0.0078,-0.0000,0.0078,-0.0000,0.0078,-0.0000,0.0078,-0.0000,0.0078,-0.0000,0.0078,-0.0000,0.0078,-0.0000,0.0078,-0.0000,0.0078,-0.0000,0.0078
166,38,38,-2.0000,-0.0004,2.0000,1.0000,0.0000,1.0000,0.0000,0.0000,127,127,0,255,0.0000,0.5000,-0.0000,0.0078,-0.0000,0.0078,-0.0000,0.0078,-0.0000,0.0078,-0.0000,0.0078,-0.0000,0.0078,-0.0000,0.0078,-0.0000,0.0078,-0.0000,0.0078,-0.0000,0.0078
167,45,45,-2.0000,-0.0004,4.0000,1.0000,0.0000,1.0000,0.0000,0.0000,127,127,0,255,0.0000,1.0000,-0.0000,0.0078,-0.0000,0.0078,-0.0000,0.0078,-0.0000,0.0078,-0.0000,0.0078,-0.0000,0.0078,-0.0000,0.0078,-0.0000,0.0078,-0.0000,0.0078,-0.0000,0.0078
168,46,46,-0.0001,-0.0004,4.0000,1.0000,0.0000,1.0000,0.0000,0.0000,127,127,0,255,0.5000,1.0000,-0.0000,0.0078,-0.0000,0.0078,-0.0000,0.0078,-0.0000,0.0078,-0.0000,0.0078,-0.0000,0.0078,-0.0000,0.0078,-0.0000,0.0078,-0.0000,0.0078,-0.0000,0.0078
169,39,39,-0.0001,-0.0004,2.0000,1.0000,0.0000,1.0000,0.0000,0.0000,127,127,0,255,0.5000,0.5000,-0.0000,0.0078,-0.0000,0.0078,-0.0000,0.0078,-0.0000,0.0078,-0.0000,0.0078,-0.0000,0.0078,-0.0000,0.0078,-0.0000,0.0078,-0.0000,0.0078,-0.0000,0.0078
170,45,45,-2.0000,-0.0004,4.0000,1.0000,0.0000,1.0000,0.0000,0.0000,127,127,0,255,0.0000,1.0000,-0.0000,0.0078,-0.0000,0.0078,-0.0000,0.0078,-0.0000,0.0078,-0.0000,0.0078,-0.0000,0.0078,-0.0000,0.0078,-0.0000,0.0078,-0.0000,0.0078,-0.0000,0.0078
171,47,47,2.0000,-0.0004,2.0000,1.0000,0.0000,1.0000,0.0000,0.0000,127,127,0,255,1.0000,0.5000,-0.0000,0.0078,-0.0000,0.0078,-0.0000,0.0078,-0.0000,0.0078,-0.0000,0.0078,-0.0000,0.0078,-0.0000,0.0078,-0.0000,0.0078,-0.0000,0.0078,-0.0000,0.0078
172,39,39,-0.0001,-0.0004,2.0000,1.0000,0.0000,1.0000,0.0000,0.0000,127,127,0,255,0.5000,0.5000,-0.0000,0.0078,-0.0000,0.0078,-0.0000,0.0078,-0.0000,0.0078,-0.0000,0.0078,-0.0000,0.0078,-0.0000,0.0078,-0.0000,0.0078,-0.0000,0.0078,-0.0000,0.0078
173,46,46,-0.0001,-0.0004,4.0000,1.0000,0.0000,1.0000,0.0000,0.0000,127,127,0,255,0.5000,1.0000,-0.0000,0.0078,-0.0000,0.0078,-0.0000,0.0078,-0.0000,0.0078,-0.0000,0.0078,-0.0000,0.0078,-0.0000,0.0078,-0.0000,0.0078,-0.0000,0.0078,-0.0000,0.0078
174,47,47,2.0000,-0.0004,2.0000,1.0000,0.0000,1.0000,0.0000,0.0000,127,127,0,255,1.0000,0.5000,-0.0000,0.0078,-0.0000,0.0078,-0.0000,0.0078,-0.0000,0.0078,-0.0000,0.0078,-0.0000,0.0078,-0.0000,0.0078,-0.0000,0.0078,-0.0000,0.0078,-0.0000,0.0078
175,40,40,2.0000,-0.0004,-0.0000,1.0000,0.0000,1.0000,0.0000,0.0000,127,127,0,255,1.0000,0.0000,-0.0000,0.0078,-0.0000,0.0079,-0.0000,0.0078,-0.0000,0.0079,-0.0000,0.0078,-0.0000,0.0079,-0.0000,0.0078,-0.0000,0.0079,-0.0000,0.0078,-0.0000,0.0079
176,39,39,-0.0001,-0.0004,2.0000,1.0000,0.0000,1.0000,0.0000,0.0000,127,127,0,255,0.5000,0.5000,-0.0000,0.0078,-0.0000,0.0078,-0.0000,0.0078,-0.0000,0.0078,-0.0000,0.0078,-0.0000,0.0078,-0.0000,0.0078,-0.0000,0.0078,-0.0000,0.0078,-0.0000,0.0078
177,48,48,4.0000,-0.0004,-0.0000,1.0000,0.0000,1.0000,0.0000,0.0000,127,127,0,255,1.5000,0.0000,-0.0000,0.0078,-0.0000,0.0078,-0.0000,0.0078,-0.0000,0.0078,-0.0000,0.0078,-0.0000,0.0078,-0.0000,0.0078,-0.0000,0.0078,-0.0000,0.0078,-0.0000,0.0078
178,40,40,2.0000,-0.0004,-0.0000,1.0000,0.0000,1.0000,0.0000,0.0000,127,127,0,255,1.0000,0.0000,-0.0000,0.0078,-0.0000,0.0079,-0.0000,0.0078,-0.0000,0.0079,-0.0000,0.0078,-0.0000,0.0079,-0.0000,0.0078,-0.0000,0.0079,-0.0000,0.0078,-0.0000,0.0079
179,47,47,2.0000,-0.0004,2.0000,1.0000,0.0000,1.0000,0.0000,0.0000,127,127,0,255,1.0000,0.5000,-0.0000,0.0078,-0.0000,0.0078,-0.0000,0.0078,-0.0000,0.0078,-0.0000,0.0078,-0.0000,0.0078,-0.0000,0.0078,-0.0000,0.0078,-0.0000,0.0078,-0.0000,0.0078
180,48,48,4.0000,-0.0004,-0.0000,1.0000,0.0000,1.0000,0.0000,0.0000,127,127,0,255,1.5000,0.0000,-0.0000,0.0078,-0.0000,0.0078,-0.0000,0.0078,-0.0000,0.0078,-0.0000,0.0078,-0.0000,0.0078,-0.0000,0.0078,-0.0000,0.0078,-0.0000,0.0078,-0.0000,0.0078
181,41,41,4.0000,-0.0004,-2.0000,1.0000,0.0000,1.0000,0.0000,0.0000,127,127,0,255,1.5000,-0.5000,-0.0000,0.0079,-0.0000,0.0079,-0.0000,0.0079,-0.0000,0.0079,-0.0000,0.0079,-0.0000,0.0079,-0.0000,0.0079,-0.0000,0.0079,-0.0000,0.0079,-0.0000,0.0079
182,40,40,2.0000,-0.0004,-0.0000,1.0000,0.0000,1.0000,0.0000,0.0000,127,127,0,255,1.0000,0.0000,-0.0000,0.0078,-0.0000,0.0079,-0.0000,0.0078,-0.0000,0.0079,-0.0000,0.0078,-0.0000,0.0079,-0.0000,0.0078,-0.0000,0.0079,-0.0000,0.0078,-0.0000,0.0079
183,44,44,-4.0000,-0.0004,4.0000,1.0000,0.0000,1.0000,0.0000,0.0000,127,127,0,255,-0.5000,1.0000,-0.0000,0.0078,-0.0000,0.0078,-0.0000,0.0078,-0.0000,0.0078,-0.0000,0.0078,-0.0000,0.0078,-0.0000,0.0078,-0.0000,0.0078,-0.0000,0.0078,-0.0000,0.0078
184,43,43,-6.0000,-0.0004,4.0000,1.0000,0.0000,1.0000,0.0000,0.0000,127,127,0,255,-1.0000,1.0000,-0.0000,0.0078,-0.0000,0.0078,-0.0000,0.0078,-0.0000,0.0078,-0.0000,0.0078,-0.0000,0.0078,-0.0000,0.0078,-0.0000,0.0078,-0.0000,0.0078,-0.0000,0.0078
185,49,49,-6.0000,-0.0004,6.0000,1.0000,0.0000,1.0000,0.0000,0.0000,127,127,0,255,-1.0000,1.5000,-0.0000,0.0078,-0.0000,0.0078,-0.0000,0.0078,-0.0000,0.0078,-0.0000,0.0078,-0.0000,0.0078,-0.0000,0.0078,-0.0000,0.0078,-0.0000,0.0078,-0.0000,0.0078
186,50,50,-4.0000,-0.0004,6.0000,1.0000,0.0000,1.0000,0.0000,0.0000,127,127,0,255,-0.5000,1.5000,-0.0000,0.0078,-0.0000,0.0078,-0.0000,0.0078,-0.0000,0.0078,-0.0000,0.0078,-0.0000,0.0078,-0.0000,0.0078,-0.0000,0.0078,-0.0000,0.0078,-0.0000,0.0078
187,44,44,-4.0000,-0.0004,4.0000,1.0000,0.0000,1.0000,0.0000,0.0000,127,127,0,255,-0.5000,1.0000,-0.0000,0.0078,-0.0000,0.0078,-0.0000,0.0078,-0.0000,0.0078,-0.0000,0.0078,-0.0000,0.0078,-0.0000,0.0078,-0.0000,0.0078,-0.0000,0.0078,-0.0000,0.0078
188,49,49,-6.0000,-0.0004,6.0000,1.0000,0.0000,1.0000,0.0000,0.0000,127,127,0,255,-1.0000,1.5000,-0.0000,0.0078,-0.0000,0.0078,-0.0000,0.0078,-0.0000,0.0078,-0.0000,0.0078,-0.0000,0.0078,-0.0000,0.0078,-0.0000,0.0078,-0.0000,0.0078,-0.0000,0.0078
189,45,45,-2.0000,-0.0004,4.0000,1.0000,0.0000,1.0000,0.0000,0.0000,127,127,0,255,0.0000,1.0000,-0.0000,0.0078,-0.0000,0.0078,-0.0000,0.0078,-0.0000,0.0078,-0.0000,0.0078,-0.0000,0.0078,-0.0000,0.0078,-0.0000,0.0078,-0.0000,0.0078,-0.0000,0.0078
190,44,44,-4.0000,-0.0004,4.0000,1.0000,0.0000,1.0000,0.0000,0.0000,127,127,0,255,-0.5000,1.0000,-0.0000,0.0078,-0.0000,0.0078,-0.0000,0.0078,-0.0000,0.0078,-0.0000,0.0078,-0.0000,0.0078,-0.0000,0.0078,-0.0000,0.0078,-0.0000,0.0078,-0.0000,0.0078
191,50,50,-4.0000,-0.0004,6.0000,1.0000,0.0000,1.0000,0.0000,0.0000,127,127,0,255,-0.5000,1.5000,-0.0000,0.0078,-0.0000,0.0078,-0.0000,0.0078,-0.0000,0.0078,-0.0000,0.0078,-0.0000,0.0078,-0.0000,0.0078,-0.0000,0.0078,-0.0000,0.0078,-0.0000,0.0078
192,51,51,-2.0000,-0.0004,6.0000,1.0000,0.0000,1.0000,0.0000,0.0000,127,127,0,255,0.0000,1.5000,-0.0000,0.0078,-0.0000,0.0078,-0.0000,0.0078,-0.0000,0.0078,-0.0000,0.0078,-0.0000,0.0078,-0.0000,0.0078,-0.0000,0.0078,-0.0000,0.0078,-0.0000,0.0078
193,45,45,-2.0000,-0.0004,4.0000,1.0000,0.0000,1.0000,0.0000,0.0000,127,127,0,255,0.0000,1.0000,-0.0000,0.0078,-0.0000,0.0078,-0.0000,0.0078,-0.0000,0.0078,-0.0000,0.0078,-0.0000,0.0078,-0.0000,0.0078,-0.0000,0.0078,-0.0000,0.0078,-0.0000,0.0078
194,50,50,-4.0000,-0.0004,6.0000,1.0000,0.0000,1.0000,0.0000,0.0000,127,127,0,255,-0.5000,1.5000,-0.0000,0.0078,-0.0000,0.0078,-0.0000,0.0078,-0.0000,0.0078,-0.0000,0.0078,-0.0000,0.0078,-0.0000,0.0078,-0.0000,0.0078,-0.0000,0.0078,-0.0000,0.0078
195,46,46,-0.0001,-0.0004,4.0000,1.0000,0.0000,1.0000,0.0000,0.0000,127,127,0,255,0.5000,1.0000,-0.0000,0.0078,-0.0000,0.0078,-0.0000,0.0078,-0.0000,0.0078,-0.0000,0.0078,-0.0000,0.0078,-0.0000,0.0078,-0.0000,0.0078,-0.0000,0.0078,-0.0000,0.0078
196,45,45,-2.0000,-0.0004,4.0000,1.0000,0.0000,1.0000,0.0000,0.0000,127,127,0,255,0.0000,1.0000,-0.0000,0.0078,-0.0000,0.0078,-0.0000,0.0078,-0.0000,0.0078,-0.0000,0.0078,-0.0000,0.0078,-0.0000,0.0078,-0.0000,0.0078,-0.0000,0.0078,-0.0000,0.0078
197,51,51,-2.0000,-0.0004,6.0000,1.0000,0.0000,1.0000,0.0000,0.0000,127,127,0,255,0.0000,1.5000,-0.0000,0.0078,-0.0000,0.0078,-0.0000,0.0078,-0.0000,0.0078,-0.0000,0.0078,-0.0000,0.0078,-0.0000,0.0078,-0.0000,0.0078,-0.0000,0.0078,-0.0000,0.0078
198,52,52,-0.0001,-0.0004,6.0000,1.0000,0.0000,1.0000,0.0000,0.0000,127,127,0,255,0.5000,1.5000,-0.0000,0.0078,-0.0000,0.0078,-0.0000,0.0078,-0.0000,0.0078,-0.0000,0.0078,-0.0000,0.0078,-0.0000,0.0078,-0.0000,0.0078,-0.0000,0.0078,-0.0000,0.0078
199,46,46,-0.0001,-0.0004,4.0000,1.0000,0.0000,1.0000,0.0000,0.0000,127,127,0,255,0.5000,1.0000,-0.0000,0.0078,-0.0000,0.0078,-0.0000,0.0078,-0.0000,0.0078,-0.0000,0.0078,-0.0000,0.0078,-0.0000,0.0078,-0.0000,0.0078,-0.0000,0.0078,-0.0000,0.0078
200,51,51,-2.0000,-0.0004,6.0000,1.0000,0.0000,1.0000,0.0000,0.0000,127,127,0,255,0.0000,1.5000,-0.0000,0.0078,-0.0000,0.0078,-0.0000,0.0078,-0.0000,0.0078,-0.0000,0.0078,-0.0000,0.0078,-0.0000,0.0078,-0.0000,0.0078,-0.0000,0.0078,-0.0000,0.0078
201,53,53,2.0000,-0.0004,4.0000,1.0000,0.0000,1.0000,0.0000,0.0000,127,127,0,255,1.0000,1.0000,-0.0000,0.0078,-0.0000,0.0078,-0.0000,0.0078,-0.0000,0.0078,-0.0000,0.0078,-0.0000,0.0078,-0.0000,0.0078,-0.0000,0.0078,-0.0000,0.0078,-0.0000,0.0078
202,46,46,-0.0001,-0.0004,4.0000,1.0000,0.0000,1.0000,0.0000,0.0000,127,127,0,255,0.5000,1.0000,-0.0000,0.0078,-0.0000,0.0078,-0.0000,0.0078,-0.0000,0.0078,-0.0000,0.0078,-0.0000,0.0078,-0.0000,0.0078,-0.0000,0.0078,-0.0000,0.0078,-0.0000,0.0078
203,52,52,-0.0001,-0.0004,6.0000,1.0000,0.0000,1.0000,0.0000,0.0000,127,127,0,255,0.5000,1.5000,-0.0000,0.0078,-0.0000,0.0078,-0.0000,0.0078,-0.0000,0.0078,-0.0000,0.0078,-0.0000,0.0078,-0.0000,0.0078,-0.0000,0.0078,-0.0000,0.0078,-0.0000,0.0078
204,53,53,2.0000,-0.0004,4.0000,1.0000,0.0000,1.0000,0.0000,0.0000,127,127,0,255,1.0000,1.0000,-0.0000,0.0078,-0.0000,0.0078,-0.0000,0.0078,-0.0000,0.0078,-0.0000,0.0078,-0.0000,0.0078,-0.0000,0.0078,-0.0000,0.0078,-0.0000,0.0078,-0.0000,0.0078
205,47,47,2.0000,-0.0004,2.0000,1.0000,0.0000,1.0000,0.0000,0.0000,127,127,0,255,1.0000,0.5000,-0.0000,0.0078,-0.0000,0.0078,-0.0000,0.0078,-0.0000,0.0078,-0.0000,0.0078,-0.0000,0.0078,-0.0000,0.0078,-0.0000,0.0078,-0.0000,0.0078,-0.0000,0.0078
206,46,46,-0.0001,-0.0004,4.0000,1.0000,0.0000,1.0000,0.0000,0.0000,127,127,0,255,0.5000,1.0000,-0.0000,0.0078,-0.0000,0.0078,-0.0000,0.0078,-0.0000,0.0078,-0.0000,0.0078,-0.0000,0.0078,-0.0000,0.0078,-0.0000,0.0078,-0.0000,0.0078,-0.0000,0.0078
207,54,54,4.0000,-0.0004,2.0000,1.0000,0.0000,1.0000,0.0000,0.0000,127,127,0,255,1.5000,0.5000,-0.0000,0.0078,-0.0000,0.0078,-0.0000,0.0078,-0.0000,0.0078,-0.0000,0.0078,-0.0000,0.0078,-0.0000,0.0078,-0.0000,0.0078,-0.0000,0.0078,-0.0000,0.0078
208,47,47,2.0000,-0.0004,2.0000,1.0000,0.0000,1.0000,0.0000,0.0000,127,127,0,255,1.0000,0.5000,-0.0000,0.0078,-0.0000,0.0078,-0.0000,0.0078,-0.0000,0.0078,-0.0000,0.0078,-0.0000,0.0078,-0.0000,0.0078,-0.0000,0.0078,-0.0000,0.0078,-0.0000,0.0078
209,53,53,2.0000,-0.0004,4.0000,1.0000,0.0000,1.0000,0.0000,0.0000,127,127,0,255,1.0000,1.0000,-0.0000,0.0078,-0.0000,0.0078,-0.0000,0.0078,-0.0000,0.0078,-0.0000,0.0078,-0.0000,0.0078,-0.0000,0.0078,-0.0000,0.0078,-0.0000,0.0078,-0.0000,0.0078
210,54,54,4.0000,-0.0004,2.0000,1.0000,0.0000,1.0000,0.0000,0.0000,127,127,0,255,1.5000,0.5000,-0.0000,0.0078,-0.0000,0.0078,-0.0000,0.0078,-0.0000,0.0078,-0.0000,0.0078,-0.0000,0.0078,-0.0000,0.0078,-0.0000,0.0078,-0.0000,0.0078,-0.0000,0.0078
211,48,48,4.0000,-0.0004,-0.0000,1.0000,0.0000,1.0000,0.0000,0.0000,127,127,0,255,1.5000,0.0000,-0.0000,0.0078,-0.0000,0.0078,-0.0000,0.0078,-0.0000,0.0078,-0.0000,0.0078,-0.0000,0.0078,-0.0000,0.0078,-0.0000,0.0078,-0.0000,0.0078,-0.0000,0.0078
212,47,47,2.0000,-0.0004,2.0000,1.0000,0.0000,1.0000,0.0000,0.0000,127,127,0,255,1.0000,0.5000,-0.0000,0.0078,-0.0000,0.0078,-0.0000,0.0078,-0.0000,0.0078,-0.0000,0.0078,-0.0000,0.0078,-0.0000,0.0078,-0.0000,0.0078,-0.0000,0.0078,-0.0000,0.0078
213,50,50,-4.0000,-0.0004,6.0000,1.0000,0.0000,1.0000,0.0000,0.0000,127,127,0,255,-0.5000,1.5000,-0.0000,0.0078,-0.0000,0.0078,-0.0000,0.0078,-0.0000,0.0078,-0.0000,0.0078,-0.0000,0.0078,-0.0000,0.0078,-0.0000,0.0078,-0.0000,0.0078,-0.0000,0.0078
214,49,49,-6.0000,-0.0004,6.0000,1.0000,0.0000,1.0000,0.0000,0.0000,127,127,0,255,-1.0000,1.5000,-0.0000,0.0078,-0.0000,0.0078,-0.0000,0.0078,-0.0000,0.0078,-0.0000,0.0078,-0.0000,0.0078,-0.0000,0.0078,-0.0000,0.0078,-0.0000,0.0078,-0.0000,0.0078
215,55,55,-6.0000,-0.0004,8.0000,1.0000,0.0000,1.0000,0.0000,0.0000,127,127,0,255,-1.0000,2.0000,-0.0000,0.0078,-0.0000,0.0078,-0.0000,0.0078,-0.0000,0.0078,-0.0000,0.0078,-0.0000,0.0078,-0.0000,0.0078,-0.0000,0.0078,-0.0000,0.0078,-0.0000,0.0078
216,56,56,-4.0000,-0.0004,8.0000,1.0000,0.0000,1.0000,0.0000,0.0000,127,127,0,255,-0.5000,2.0000,-0.0000,0.0078,-0.0000,0.0078,-0.0000,0.0078,-0.0000,0.0078,-0.0000,0.0078,-0.0000,0.0078,-0.0000,0.0078,-0.0000,0.0078,-0.0000,0.0078,-0.0000,0.0078
217,50,50,-4.0000,-0.0004,6.0000,1.0000,0.0000,1.0000,0.0000,0.0000,127,127,0,255,-0.5000,1.5000,-0.0000,0.0078,-0.0000,0.0078,-0.0000,0.0078,-0.0000,0.0078,-0.0000,0.0078,-0.0000,0.0078,-0.0000,0.0078,-0.0000,0.0078,-0.0000,0.0078,-0.0000,0.0078
218,55,55,-6.0000,-0.0004,8.0000,1.0000,0.0000,1.0000,0.0000,0.0000,127,127,0,255,-1.0000,2.0000,-0.0000,0.0078,-0.0000,0.0078,-0.0000,0.0078,-0.0000,0.0078,-0.0000,0.0078,-0.0000,0.0078,-0.0000,0.0078,-0.0000,0.0078,-0.0000,0.0078,-0.0000,0.0078
219,51,51,-2.0000,-0.0004,6.0000,1.0000,0.0000,1.0000,0.0000,0.0000,127,127,0,255,0.0000,1.5000,-0.0000,0.0078,-0.0000,0.0078,-0.0000,0.0078,-0.0000,0.0078,-0.0000,0.0078,-0.0000,0.0078,-0.0000,0.0078,-0.0000,0.0078,-0.0000,0.0078,-0.0000,0.0078
220,50,50,-4.0000,-0.0004,6.0000,1.0000,0.0000,1.0000,0.0000,0.0000,127,127,0,255,-0.5000,1.5000,-0.0000,0.0078,-0.0000,0.0078,-0.0000,0.0078,-0.0000,0.0078,-0.0000,0.0078,-0.0000,0.0078,-0.0000,0.0078,-0.0000,0.0078,-0.0000,0.0078,-0.0000,0.0078
221,56,56,-4.0000,-0.0004,8.0000,1.0000,0.0000,1.0000,0.0000,0.0000,127,127,0,255,-0.5000,2.0000,-0.0000,0.0078,-0.0000,0.0078,-0.0000,0.0078,-0.0000,0.0078,-0.0000,0.0078,-0.0000,0.0078,-0.0000,0.0078,-0.0000,0.0078,-0.0000,0.0078,-0.0000,0.0078
222,57,57,-2.0000,-0.0004,8.0000,1.0000,0.0000,1.0000,0.0000,0.0000,127,127,0,255,0.0000,2.0000,-0.0000,0.0078,-0.0000,0.0078,-0.0000,0.0078,-0.0000,0.0078,-0.0000,0.0078,-0.0000,0.0078,-0.0000,0.0078,-0.0000,0.0078,-0.0000,0.0078,-0.0000,0.0078
223,51,51,-2.0000,-0.0004,6.0000,1.0000,0.0000,1.0000,0.0000,0.0000,127,127,0,255,0.0000,1.5000,-0.0000,0.0078,-0.0000,0.0078,-0.0000,0.0078,-0.0000,0.0078,-0.0000,0.0078,-0.0000,0.0078,-0.0000,0.0078,-0.0000,0.0078,-0.0000,0.0078,-0.0000,0.0078
224,56,56,-4.0000,-0.0004,8.0000,1.0000,0.0000,1.0000,0.0000,0.0000,127,127,0,255,-0.5000,2.0000,-0.0000,0.0078,-0.0000,0.0078,-0.0000,0.0078,-0.0000,0.0078,-0.0000,0.0078,-0.0000,0.0078,-0.0000,0.0078,-0.0000,0.0078,-0.0000,0.0078,-0.0000,0.0078
225,52,52,-0.0001,-0.0004,6.0000,1.0000,0.0000,1.0000,0.0000,0.0000,127,127,0,255,0.5000,1.5000,-0.0000,0.0078,-0.0000,0.0078,-0.0000,0.0078,-0.0000,0.0078,-0.0000,0.0078,-0.0000,0.0078,-0.0000,0.0078,-0.0000,0.0078,-0.0000,0.0078,-0.0000,0.0078
226,51,51,-2.0000,-0.0004,6.0000,1.0000,0.0000,1.0000,0.0000,0.0000,127,127,0,255,0.0000,1.5000,-0.0000,0.0078,-0.0000,0.0078,-0.0000,0.0078,-0.0000,0.0078,-0.0000,0.0078,-0.0000,0.0078,-0.0000,0.0078,-0.0000,0.0078,-0.0000,0.0078,-0.0000,0.0078
227,57,57,-2.0000,-0.0004,8.0000,1.0000,0.0000,1.0000,0.0000,0.0000,127,127,0,255,0.0000,2.0000,-0.0000,0.0078,-0.0000,0.0078,-0.0000,0.0078,-0.0000,0.0078,-0.0000,0.0078,-0.0000,0.0078,-0.0000,0.0078,-0.0000,0.0078,-0.0000,0.0078,-0.0000,0.0078
228,58,58,-0.0001,-0.0004,8.0000,1.0000,0.0000,1.0000,0.0000,0.0000,127,127,0,255,0.5000,2.0000,-0.0000,0.0078,-0.0000,0.0078,-0.0000,0.0078,-0.0000,0.0078,-0.0000,0.0078,-0.0000,0.0078,-0.0000,0.0078,-0.0000,0.0078,-0.0000,0.0078,-0.0000,0.0078
229,52,52,-0.0001,-0.0004,6.0000,1.0000,0.0000,1.0000,0.0000,0.0000,127,127,0,255,0.5000,1.5000,-0.0000,0.0078,-0.0000,0.0078,-0.0000,0.0078,-0.0000,0.0078,-0.0000,0.0078,-0.0000,0.0078,-0.0000,0.0078,-0.0000,0.0078,-0.0000,0.0078,-0.0000,0.0078
230,57,57,-2.0000,-0.0004,8.0000,1.0000,0.0000,1.0000,0.0000,0.0000,127,127,0,255,0.0000,2.0000,-0.0000,0.0078,-0.0000,0.0078,-0.0000,0.0078,-0.0000,0.0078,-0.0000,0.0078,-0.0000,0.0078,-0.0000,0.0078,-0.0000,0.0078,-0.0000,0.0078,-0.0000,0.0078
231,59,59,2.0000,-0.0004,6.0000,1.0000,0.0000,1.0000,0.0000,0.0000,127,127,0,255,1.0000,1.5000,-0.0000,0.0078,-0.0000,0.0078,-0.0000,0.0078,-0.0000,0.0078,-0.0000,0.0078,-0.0000,0.0078,-0.0000,0.0078,-0.0000,0.0078,-0.0000,0.0078,-0.0000,0.0078
232,52,52,-0.0001,-0.0004,6.0000,1.0000,0.0000,1.0000,0.0000,0.0000,127,127,0,255,0.5000,1.5000,-0.0000,0.0078,-0.0000,0.0078,-0.0000,0.0078,-0.0000,0.0078,-0.0000,0.0078,-0.0000,0.0078,-0.0000,0.0078,-0.0000,0.0078,-0.0000,0.0078,-0.0000,0.0078
233,58,58,-0.0001,-0.0004,8.0000,1.0000,0.0000,1.0000,0.0000,0.0000,127,127,0,255,0.5000,2.0000,-0.0000,0.0078,-0.0000,0.0078,-0.0000,0.0078,-0.0000,0.0078,-0.0000,0.0078,-0.0000,0.0078,-0.0000,0.0078,-0.0000,0.0078,-0.0000,0.0078,-0.0000,0.0078
234,59,59,2.0000,-0.0004,6.0000,1.0000,0.0000,1.0000,0.0000,0.0000,127,127,0,255,1.0000,1.5000,-0.0000,0.0078,-0.0000,0.0078,-0.0000,0.0078,-0.0000,0.0078,-0.0000,0.0078,-0.0000,0.0078,-0.0000,0.0078,-0.0000,0.0078,-0.0000,0.0078,-0.0000,0.0078
235,53,53,2.0000,-0.0004,4.0000,1.0000,0.0000,1.0000,0.0000,0.0000,127,127,0,255,1.0000,1.0000,-0.0000,0.0078,-0.0000,0.0078,-0.0000,0.0078,-0.0000,0.0078,-0.0000,0.0078,-0.0000,0.0078,-0.0000,0.0078,-0.0000,0.0078,-0.0000,0.0078,-0.0000,0.0078
236,52,52,-0.0001,-0.0004,6.0000,1.0000,0.0000,1.0000,0.0000,0.0000,127,127,0,255,0.5000,1.5000,-0.0000,0.0078,-0.0000,0.0078,-0.0000,0.0078,-0.0000,0.0078,-0.0000,0.0078,-0.0000,0.0078,-0.0000,0.0078,-0.0000,0.0078,-0.0000,0.0078,-0.0000,0.0078
237,60,60,4.0000,-0.0004,4.0000,1.0000,0.0000,1.0000,0.0000,0.0000,127,127,0,255,1.5000,1.0000,-0.0000,0.0078,-0.0000,0.0078,-0.0000,0.0078,-0.0000,0.0078,-0.0000,0.0078,-0.0000,0.0078,-0.0000,0.0078,-0.0000,0.0078,-0.0000,0.0078,-0.0000,0.0078
238,53,53,2.0000,-0.0004,4.0000,1.0000,0.0000,1.0000,0.0000,0.0000,127,127,0,255,1.0000,1.0000,-0.0000,0.0078,-0.0000,0.0078,-0.0000,0.0078,-0.0000,0.0078,-0.0000,0.0078,-0.0000,0.0078,-0.0000,0.0078,-0.0000,0.0078,-0.0000,0.0078,-0.0000,0.0078
239,59,59,2.0000,-0.0004,6.0000,1.0000,0.0000,1.0000,0.0000,0.0000,127,127,0,255,1.0000,1.5000,-0.0000,0.0078,-0.0000,0.0078,-0.0000,0.0078,-0.0000,0.0078,-0.0000,0.0078,-0.0000,0.0078,-0.0000,0.0078,-0.0000,0.0078,-0.0000,0.0078,-0.0000,0.0078
240,60,60,4.0000,-0.0004,4.0000,1.0000,0.0000,1.0000,0.0000,0.0000,127,127,0,255,1.5000,1.0000,-0.0000,0.0078,-0.0000,0.0078,-0.0000,0.0078,-0.0000,0.0078,-0.0000,0.0078,-0.0000,0.0078,-0.0000,0.0078,-0.0000,0.0078,-0.0000,0.0078,-0.0000,0.0078
241,54,54,4.0000,-0.0004,2.0000,1.0000,0.0000,1.0000,0.0000,0.0000,127,127,0,255,1.5000,0.5000,-0.0000,0.0078,-0.0000,0.0078,-0.0000,0.0078,-0.0000,0.0078,-0.0000,0.0078,-0.0000,0.0078,-0.0000,0.0078,-0.0000,0.0078,-0.0000,0.0078,-0.0000,0.0078
242,53,53,2.0000,-0.0004,4.0000,1.0000,0.0000,1.0000,0.0000,0.0000,127,127,0,255,1.0000,1.0000,-0.0000,0.0078,-0.0000,0.0078,-0.0000,0.0078,-0.0000,0.0078,-0.0000,0.0078,-0.0000,0.0078,-0.0000,0.0078,-0.0000,0.0078,-0.0000,0.0078,-0.0000,0.0078
243,61,61,6.0000,-0.0004,2.0000,1.0000,0.0000,1.0000,0.0000,0.0000,127,127,0,255,2.0000,0.5000,-0.0000,0.0078,-0.0000,0.0078,-0.0000,0.0078,-0.0000,0.0078,-0.0000,0.0078,-0.0000,0.0078,-0.0000,0.0078,-0.0000,0.0078,-0.0000,0.0078,-0.0000,0.0078
244,54,54,4.0000,-0.0004,2.0000,1.0000,0.0000,1.0000,0.0000,0.0000,127,127,0,255,1.5000,0.5000,-0.0000,0.0078,-0.0000,0.0078,-0.0000,0.0078,-0.0000,0.0078,-0.0000,0.0078,-0.0000,0.0078,-0.0000,0.0078,-0.0000,0.0078,-0.0000,0.0078,-0.0000,0.0078
245,60,60,4.0000,-0.0004,4.0000,1.0000,0.0000,1.0000,0.0000,0.0000,127,127,0,255,1.5000,1.0000,-0.0000,0.0078,-0.0000,0.0078,-0.0000,0.0078,-0.0000,0.0078,-0.0000,0.0078,-0.0000,0.0078,-0.0000,0.0078,-0.0000,0.0078,-0.0000,0.0078,-0.0000,0.0078
246,54,54,4.0000,-0.0004,2.0000,1.0000,0.0000,1.0000,0.0000,0.0000,127,127,0,255,1.5000,0.5000,-0.0000,0.0078,-0.0000,0.0078,-0.0000,0.0078,-0.0000,0.0078,-0.0000,0.0078,-0.0000,0.0078,-0.0000,0.0078,-0.0000,0.0078,-0.0000,0.0078,-0.0000,0.0078
247,61,61,6.0000,-0.0004,2.0000,1.0000,0.0000,1.0000,0.0000,0.0000,127,127,0,255,2.0000,0.5000,-0.0000,0.0078,-0.0000,0.0078,-0.0000,0.0078,-0.0000,0.0078,-0.0000,0.0078,-0.0000,0.0078,-0.0000,0.0078,-0.0000,0.0078,-0.0000,0.0078,-0.0000,0.0078
248,62,62,6.0000,-0.0004,-0.0000,1.0000,0.0000,1.0000,0.0000,0.0000,127,127,0,255,2.0000,0.0000,-0.0000,0.0078,-0.0000,0.0079,-0.0000,0.0078,-0.0000,0.0079,-0.0000,0.0078,-0.0000,0.0079,-0.0000,0.0078,-0.0000,0.0079,-0.0000,0.0078,-0.0000,0.0079
249,48,48,4.0000,-0.0004,-0.0000,1.0000,0.0000,1.0000,0.0000,0.0000,127,127,0,255,1.5000,0.0000,-0.0000,0.0078,-0.0000,0.0078,-0.0000,0.0078,-0.0000,0.0078,-0.0000,0.0078,-0.0000,0.0078,-0.0000,0.0078,-0.0000,0.0078,-0.0000,0.0078,-0.0000,0.0078
250,54,54,4.0000,-0.0004,2.0000,1.0000,0.0000,1.0000,0.0000,0.0000,127,127,0,255,1.5000,0.5000,-0.0000,0.0078,-0.0000,0.0078,-0.0000,0.0078,-0.0000,0.0078,-0.0000,0.0078,-0.0000,0.0078,-0.0000,0.0078,-0.0000,0.0078,-0.0000,0.0078,-0.0000,0.0078
251,62,62,6.0000,-0.0004,-0.0000,1.0000,0.0000,1.0000,0.0000,0.0000,127,127,0,255,2.0000,0.0000,-0.0000,0.0078,-0.0000,0.0079,-0.0000,0.0078,-0.0000,0.0079,-0.0000,0.0078,-0.0000,0.0079,-0.0000,0.0078,-0.0000,0.0079,-0.0000,0.0078,-0.0000,0.0079
252,62,62,6.0000,-0.0004,-0.0000,1.0000,0.0000,1.0000,0.0000,0.0000,127,127,0,255,2.0000,0.0000,-0.0000,0.0078,-0.0000,0.0079,-0.0000,0.0078,-0.0000,0.0079,-0.0000,0.0078,-0.0000,0.0079,-0.0000,0.0078,-0.0000,0.0079,-0.0000,0.0078,-0.0000,0.0079
253,63,63,6.0000,-0.0004,-2.0000,1.0000,0.0000,1.0000,0.0000,0.0000,127,127,0,255,2.0000,-0.5000,-0.0000,0.0079,-0.0000,0.0078,-0.0000,0.0079,-0.0000,0.0078,-0.0000,0.0079,-0.0000,0.0078,-0.0000,0.0079,-0.0000,0.0078,-0.0000,0.0079,-0.0000,0.0078
254,48,48,4.0000,-0.0004,-0.0000,1.0000,0.0000,1.0000,0.0000,0.0000,127,127,0,255,1.5000,0.0000,-0.0000,0.0078,-0.0000,0.0078,-0.0000,0.0078,-0.0000,0.0078,-0.0000,0.0078,-0.0000,0.0078,-0.0000,0.0078,-0.0000,0.0078,-0.0000,0.0078,-0.0000,0.0078
255,63,63,6.0000,-0.0004,-2.0000,1.0000,0.0000,1.0000,0.0000,0.0000,127,127,0,255,2.0000,-0.5000,-0.0000,0.0079,-0.0000,0.0078,-0.0000,0.0079,-0.0000,0.0078,-0.0000,0.0079,-0.0000,0.0078,-0.0000,0.0079,-0.0000,0.0078,-0.0000,0.0079,-0.0000,0.0078
256,41,41,4.0000,-0.0004,-2.0000,1.0000,0.0000,1.0000,0.0000,0.0000,127,127,0,255,1.5000,-0.5000,-0.0000,0.0079,-0.0000,0.0079,-0.0000,0.0079,-0.0000,0.0079,-0.0000,0.0079,-0.0000,0.0079,-0.0000,0.0079,-0.0000,0.0079,-0.0000,0.0079,-0.0000,0.0079
257,48,48,4.0000,-0.0004,-0.0000,1.0000,0.0000,1.0000,0.0000,0.0000,127,127,0,255,1.5000,0.0000,-0.0000,0.0078,-0.0000,0.0078,-0.0000,0.0078,-0.0000,0.0078,-0.0000,0.0078,-0.0000,0.0078,-0.0000,0.0078,-0.0000,0.0078,-0.0000,0.0078,-0.0000,0.0078
258,63,63,6.0000,-0.0004,-2.0000,1.0000,0.0000,1.0000,0.0000,0.0000,127,127,0,255,2.0000,-0.5000,-0.0000,0.0079,-0.0000,0.0078,-0.0000,0.0079,-0.0000,0.0078,-0.0000,0.0079,-0.0000,0.0078,-0.0000,0.0079,-0.0000,0.0078,-0.0000,0.0079,-0.0000,0.0078
259,42,42,6.0000,-0.0004,-4.0000,1.0000,0.0000,1.0000,0.0000,0.0000,127,127,0,255,2.0000,-1.0000,-0.0000,0.0079,-0.0000,0.0078,-0.0000,0.0079,-0.0000,0.0078,-0.0000,0.0079,-0.0000,0.0078,-0.0000,0.0079,-0.0000,0.0078,-0.0000,0.0079,-0.0000,0.0078
260,41,41,4.0000,-0.0004,-2.0000,1.0000,0.0000,1.0000,0.0000,0.0000,127,127,0,255,1.5000,-0.5000,-0.0000,0.0079,-0.0000,0.0079,-0.0000,0.0079,-0.0000,0.0079,-0.0000,0.0079,-0.0000,0.0079,-0.0000,0.0079,-0.0000,0.0079,-0.0000,0.0079,-0.0000,0.0079
261,64,64,2.0000,-0.0004,8.0000,1.0000,0.0000,1.0000,0.0000,0.0000,127,127,0,255,1.0000,2.0000,-0.0000,0.0078,-0.0000,0.0078,-0.0000,0.0078,-0.0000,0.0078,-0.0000,0.0078,-0.0000,0.0078,-0.0000,0.0078,-0.0000,0.0078,-0.0000,0.0078,-0.0000,0.0078
262,59,59,2.0000,-0.0004,6.0000,1.0000,0.0000,1.0000,0.0000,0.0000,127,127,0,255,1.0000,1.5000,-0.0000,0.0078,-0.0000,0.0078,-0.0000,0.0078,-0.0000,0.0078,-0.0000,0.0078,-0.0000,0.0078,-0.0000,0.0078,-0.0000,0.0078,-0.0000,0.0078,-0.0000,0.0078
263,58,58,-0.0001,-0.0004,8.0000,1.0000,0.0000,1.0000,0.0000,0.0000,127,127,0,255,0.5000,2.0000,-0.0000,0.0078,-0.0000,0.0078,-0.0000,0.0078,-0.0000,0.0078,-0.0000,0.0078,-0.0000,0.0078,-0.0000,0.0078,-0.0000,0.0078,-0.0000,0.0078,-0.0000,0.0078
264,65,65,4.0000,-0.0004,6.0000,1.0000,0.0000,1.0000,0.0000,0.0000,127,127,0,255,1.5000,1.5000,-0.0000,0.0078,-0.0000,0.0078,-0.0000,0.0078,-0.0000,0.0078,-0.0000,0.0078,-0.0000,0.0078,-0.0000,0.0078,-0.0000,0.0078,-0.0000,0.0078,-0.0000,0.0078
265,59,59,2.0000,-0.0004,6.0000,1.0000,0.0000,1.0000,0.0000,0.0000,127,127,0,255,1.0000,1.5000,-0.0000,0.0078,-0.0000,0.0078,-0.0000,0.0078,-0.0000,0.0078,-0.0000,0.0078,-0.0000,0.0078,-0.0000,0.0078,-0.0000,0.0078,-0.0000,0.0078,-0.0000,0.0078
266,64,64,2.0000,-0.0004,8.0000,1.0000,0.0000,1.0000,0.0000,0.0000,127,127,0,255,1.0000,2.0000,-0.0000,0.0078,-0.0000,0.0078,-0.0000,0.0078,-0.0000,0.0078,-0.0000,0.0078,-0.0000,0.0078,-0.0000,0.0078,-0.0000,0.0078,-0.0000,0.0078,-0.0000,0.0078
267,65,65,4.0000,-0.0004,6.0000,1.0000,0.0000,1.0000,0.0000,0.0000,127,127,0,255,1.5000,1.5000,-0.0000,0.0078,-0.0000,0.0078,-0.0000,0.0078,-0.0000,0.0078,-0.0000,0.0078,-0.0000,0.0078,-0.0000,0.0078,-0.0000,0.0078,-0.0000,0.0078,-0.0000,0.0078
268,60,60,4.0000,-0.0004,4.0000,1.0000,0.0000,1.0000,0.0000,0.0000,127,127,0,255,1.5000,1.0000,-0.0000,0.0078,-0.0000,0.0078,-0.0000,0.0078,-0.0000,0.0078,-0.0000,0.0078,-0.0000,0.0078,-0.0000,0.0078,-0.0000,0.0078,-0.0000,0.0078,-0.0000,0.0078
269,59,59,2.0000,-0.0004,6.0000,1.0000,0.0000,1.0000,0.0000,0.0000,127,127,0,255,1.0000,1.5000,-0.0000,0.0078,-0.0000,0.0078,-0.0000,0.0078,-0.0000,0.0078,-0.0000,0.0078,-0.0000,0.0078,-0.0000,0.0078,-0.0000,0.0078,-0.0000,0.0078,-0.0000,0.0078
270,66,66,6.0000,-0.0004,4.0000,1.0000,0.0000,1.0000,0.0000,0.0000,127,127,0,255,2.0000,1.0000,-0.0000,0.0078,-0.0000,0.0078,-0.0000,0.0078,-0.0000,0.0078,-0.0000,0.0078,-0.0000,0.0078,-0.0000,0.0078,-0.0000,0.0078,-0.0000,0.0078,-0.0000,0.0078
271,60,60,4.0000,-0.0004,4.0000,1.0000,0.0000,1.0000,0.0000,0.0000,127,127,0,255,1.5000,1.0000,-0.0000,0.0078,-0.0000,0.0078,-0.0000,0.0078,-0.0000,0.0078,-0.0000,0.0078,-0.0000,0.0078,-0.0000,0.0078,-0.0000,0.0078,-0.0000,0.0078,-0.0000,0.0078
272,65,65,4.0000,-0.0004,6.0000,1.0000,0.0000,1.0000,0.0000,0.0000,127,127,0,255,1.5000,1.5000,-0.0000,0.0078,-0.0000,0.0078,-0.0000,0.0078,-0.0000,0.0078,-0.0000,0.0078,-0.0000,0.0078,-0.0000,0.0078,-0.0000,0.0078,-0.0000,0.0078,-0.0000,0.0078
273,66,66,6.0000,-0.0004,4.0000,1.0000,0.0000,1.0000,0.0000,0.0000,127,127,0,255,2.0000,1.0000,-0.0000,0.0078,-0.0000,0.0078,-0.0000,0.0078,-0.0000,0.0078,-0.0000,0.0078,-0.0000,0.0078,-0.0000,0.0078,-0.0000,0.0078,-0.0000,0.0078,-0.0000,0.0078
274,61,61,6.0000,-0.0004,2.0000,1.0000,0.0000,1.0000,0.0000,0.0000,127,127,0,255,2.0000,0.5000,-0.0000,0.0078,-0.0000,0.0078,-0.0000,0.0078,-0.0000,0.0078,-0.0000,0.0078,-0.0000,0.0078,-0.0000,0.0078,-0.0000,0.0078,-0.0000,0.0078,-0.0000,0.0078
275,60,60,4.0000,-0.0004,4.0000,1.0000,0.0000,1.0000,0.0000,0.0000,127,127,0,255,1.5000,1.0000,-0.0000,0.0078,-0.0000,0.0078,-0.0000,0.0078,-0.0000,0.0078,-0.0000,0.0078,-0.0000,0.0078,-0.0000,0.0078,-0.0000,0.0078,-0.0000,0.0078,-0.0000,0.0078
276,67,67,4.0000,-0.0004,8.0000,1.0000,0.0000,1.0000,0.0000,0.0000,127,127,0,255,1.5000,2.0000,-0.0000,0.0078,-0.0000,0.0078,-0.0000,0.0078,-0.0000,0.0078,-0.0000,0.0078,-0.0000,0.0078,-0.0000,0.0078,-0.0000,0.0078,-0.0000,0.0078,-0.0000,0.0078
277,65,65,4.0000,-0.0004,6.0000,1.0000,0.0000,1.0000,0.0000,0.0000,127,127,0,255,1.5000,1.5000,-0.0000,0.0078,-0.0000,0.0078,-0.0000,0.0078,-0.0000,0.0078,-0.0000,0.0078,-0.0000,0.0078,-0.0000,0.0078,-0.0000,0.0078,-0.0000,0.0078,-0.0000,0.0078
278,64,64,2.0000,-0.0004,8.0000,1.0000,0.0000,1.0000,0.0000,0.0000,127,127,0,255,1.0000,2.0000,-0.0000,0.0078,-0.0000,0.0078,-0.0000,0.0078,-0.0000,0.0078,-0.0000,0.0078,-0.0000,0.0078,-0.0000,0.0078,-0.0000,0.0078,-0.0000,0.0078,-0.0000,0.0078
279,68,68,6.0000,-0.0004,6.0000,1.0000,0.0000,1.0000,0.0000,0.0000,127,127,0,255,2.0000,1.5000,-0.0000,0.0078,-0.0000,0.0078,-0.0000,0.0078,-0.0000,0.0078,-0.0000,0.0078,-0.0000,0.0078,-0.0000,0.0078,-0.0000,0.0078,-0.0000,0.0078,-0.0000,0.0078
280,65,65,4.0000,-0.0004,6.0000,1.0000,0.0000,1.0000,0.0000,0.0000,127,127,0,255,1.5000,1.5000,-0.0000,0.0078,-0.0000,0.0078,-0.0000,0.0078,-0.0000,0.0078,-0.0000,0.0078,-0.0000,0.0078,-0.0000,0.0078,-0.0000,0.0078,-0.0000,0.0078,-0.0000,0.0078
281,67,67,4.0000,-0.0004,8.0000,1.0000,0.0000,1.0000,0.0000,0.0000,127,127,0,255,1.5000,2.0000,-0.0000,0.0078,-0.0000,0.0078,-0.0000,0.0078,-0.0000,0.0078,-0.0000,0.0078,-0.0000,0.0078,-0.0000,0.0078,-0.0000,0.0078,-0.0000,0.0078,-0.0000,0.0078
282,68,68,6.0000,-0.0004,6.0000,1.0000,0.0000,1.0000,0.0000,0.0000,127,127,0,255,2.0000,1.5000,-0.0000,0.0078,-0.0000,0.0078,-0.0000,0.0078,-0.0000,0.0078,-0.0000,0.0078,-0.0000,0.0078,-0.0000,0.0078,-0.0000,0.0078,-0.0000,0.0078,-0.0000,0.0078
283,66,66,6.0000,-0.0004,4.0000,1.0000,0.0000,1.0000,0.0000,0.0000,127,127,0,255,2.0000,1.0000,-0.0000,0.0078,-0.0000,0.0078,-0.0000,0.0078,-0.0000,0.0078,-0.0000,0.0078,-0.0000,0.0078,-0.0000,0.0078,-0.0000,0.0078,-0.0000,0.0078,-0.0000,0.0078
284,65,65,4.0000,-0.0004,6.0000,1.0000,0.0000,1.0000,0.0000,0.0000,127,127,0,255,1.5000,1.5000,-0.0000,0.0078,-0.0000,0.0078,-0.0000,0.0078,-0.0000,0.0078,-0.0000,0.0078,-0.0000,0.0078,-0.0000,0.0078,-0.0000,0.0078,-0.0000,0.0078,-0.0000,0.0078
285,69,69,6.0000,-0.0004,8.0000,1.0000,0.0000,1.0000,0.0000,0.0000,127,127,0,255,2.0000,2.0000,-0.0000,0.0078,0.0078,0.0000,-0.0000,0.0078,0.0078,0.0000,-0.0000,0.0078,0.0078,0.0000,-0.0000,0.0078,0.0078,0.0000,-0.0000,0.0078,0.0078,0.0000
286,68,68,6.0000,-0.0004,6.0000,1.0000,0.0000,1.0000,0.0000,0.0000,127,127,0,255,2.0000,1.5000,-0.0000,0.0078,-0.0000,0.0078,-0.0000,0.0078,-0.0000,0.0078,-0.0000,0.0078,-0.0000,0.0078,-0.0000,0.0078,-0.0000,0.0078,-0.0000,0.0078,-0.0000,0.0078
287,67,67,4.0000,-0.0004,8.0000,1.0000,0.0000,1.0000,0.0000,0.0000,127,127,0,255,1.5000,2.0000,-0.0000,0.0078,-0.0000,0.0078,-0.0000,0.0078,-0.0000,0.0078,-0.0000,0.0078,-0.0000,0.0078,-0.0000,0.0078,-0.0000,0.0078,-0.0000,0.0078,-0.0000,0.0078
